3,Carlos,900123.3694388638,810.2398140845492,1975-12-10,73.18820087230073,MANTENIMIENTO
4,Pedro,696611.6849184424,474.8837558246677,1994-10-07,64.98083671435398,MANTENIMIENTO
5,Julia,951216.519816741,778.2324895699327,1996-10-22,7.6873258933591835,COMUN
8,Jorge,589363.8583318652,901.6258107843327,1991-01-02,45.22718196678629,MANTENIMIENTO
9,Marta,351531.45457055507,223.1608384114364,1981-04-13,9.295845720011453,COMUN
10,Sonia,74613.10198690122,86.01404792477685,1950-06-29,74.88211688602253,MANTENIMIENTO
11,Julia,831266.0020073481,821.983007055303,1996-07-18,3.901097793164816,COMUN
12,Jorge,345841.94659661787,793.004586836224,1983-10-09,1.8867981172450687,COMUN
13,Jorge,583008.3387906036,508.65195653400184,1971-01-11,81.98049946798373,MANTENIMIENTO
14,Sonia,728320.6982510078,247.4044129999936,1995-06-22,2.4079549419212776,COMUN
15,Isabel,922189.9186858111,752.7414380578455,1980-02-24,3.2946693456701692,COMUN
16,Ana,99142.70660955775,953.3510245463374,1994-11-17,65.3220682765811,MANTENIMIENTO
17,Sonia,174149.04922886853,643.5625704039887,1952-09-15,4.658713786994884,MANTENIMIENTO
18,Marta,49025.38168431381,617.4303250856607,1951-02-05,0.7035036624341351,COMUN
19,Lucia,84501.31830105872,11.494039117866617,1985-04-10,99.66055375138716,MANTENIMIENTO
20,Lucia,621743.5091279414,132.79258318614916,1975-08-26,90.75844497467432,MANTENIMIENTO
21,Sonia,196791.69539256746,57.74351594654448,1997-11-01,4.299886626135274,COMUN
22,Pedro,550105.4013443157,933.4399059956705,1980-11-15,84.09276526073828,MANTENIMIENTO
23,Manuel,503917.47329020826,517.0463840448864,2001-01-14,9.88290355570081,COMUN
24,Carlos,938312.7991471769,794.460357102776,1964-05-27,5.126739390438817,MANTENIMIENTO
25,Julia,353413.6496091366,941.2835068168085,1957-04-21,4.314547545779817,COMUN
26,Rosa,931070.4560829533,764.3356351710524,2010-10-24,4.890459256359883,COMUN
27,Javier,332388.9086327298,599.2270021820834,1979-04-09,82.14722188396789,MANTENIMIENTO
28,Isabel,54928.788655961354,369.55024099445245,1951-05-22,8.947698444643617,COMUN
29,Lucia,719689.5895718684,738.5993358037751,2012-05-22,7.410136477104712,MANTENIMIENTO
30,Carlos,734055.4403560588,529.5822037572028,1990-07-02,1.2427684190281796,COMUN
31,Julia,26754.241547028007,551.3575098490427,1987-02-16,65.07209348487162,MANTENIMIENTO
32,Daniel,817937.0273526944,761.9568348941375,1996-07-18,48.49056926834423,MANTENIMIENTO
33,Ana,210597.27855573772,121.59083229721135,2021-03-09,86.64775766936751,MANTENIMIENTO
34,Manuel,943411.7823902785,242.39615157647276,1950-03-22,28.96925517688931,MANTENIMIENTO
35,Daniel,253432.90877891995,917.6471990141811,2005-11-02,8.387467435678206,COMUN
36,Sonia,96926.99405618497,114.19884299399318,2015-01-18,6.814425905955208,COMUN
37,Carlos,36614.513261987406,16.079587926724813,1977-10-06,4.915256566232049,COMUN
38,Luis,888002.0339836538,113.83663158736968,1976-06-05,96.70032517432203,MANTENIMIENTO
39,Isabel,783824.235157644,214.7305979796993,1960-07-10,26.67287297202613,MANTENIMIENTO
40,Ana,805558.4513489463,96.35475397109184,2022-10-30,23.429134551841724,MANTENIMIENTO
41,Carlos,705799.5699057123,505.7500787771779,1968-12-27,2.724576305665267,COMUN
42,Luis,49053.090958733934,404.51578587956817,2016-04-13,90.06032211949389,MANTENIMIENTO
43,Luis,56330.3176603377,36.56683551157292,1975-10-30,5.211692538447207,COMUN
44,Marta,462217.9967065898,229.72750479303184,1995-03-08,6.046347213924408,MANTENIMIENTO
45,Victor,363798.854109439,687.8121292343203,2018-12-25,67.72671755435962,MANTENIMIENTO
46,Marta,628673.546314812,160.64731038618808,1977-03-28,6.474444865841789,MANTENIMIENTO
47,Pedro,306171.30570047215,741.9197031770375,1996-05-14,3.4399285635964105,COMUN
48,Victor,291735.99377610616,6.956833707431498,1967-10-14,6.700154206864491,COMUN
49,Victor,516073.8985873446,804.6029807863874,2014-06-09,37.359533346488114,MANTENIMIENTO
50,Victor,990390.6526784068,721.1524150688517,1968-01-21,3.480563904538232,COMUN
51,Victor,443410.3801825487,173.63691204595855,2023-09-05,9.826086886477622,COMUN
52,Daniel,90644.93576021142,820.2983298677871,2020-12-12,94.01986590730525,MANTENIMIENTO
53,Pedro,418891.6159969911,225.34855903604802,1966-01-29,5.9566924504503245,COMUN
54,Luis,313312.32875278423,132.54146618433427,2005-03-05,7.796306315883825,COMUN
55,Daniel,101856.94488646422,108.94734166099052,2017-09-16,32.66550073641131,MANTENIMIENTO
56,Daniel,329709.01440863335,959.7875053200513,1979-12-18,68.70336581326316,MANTENIMIENTO
57,Isabel,690869.778961466,102.30158385025712,1995-06-18,8.350321512460406,COMUN
58,Ana,87769.63402531388,858.2903311238056,1992-02-13,87.08894312451216,MANTENIMIENTO
59,Daniel,506765.63887565647,389.9954554357502,1986-10-31,9.68144525215745,COMUN
60,Pedro,240705.92431863036,193.00799365996735,1979-01-13,73.3527382515667,MANTENIMIENTO
61,Rosa,928121.6275384019,775.4764660796899,1998-02-07,11.67837926369436,MANTENIMIENTO
62,Jorge,277545.39263788814,419.43004770960346,2022-06-22,8.974563789319172,COMUN
63,Pedro,99499.39195866797,933.8307192610132,1981-02-09,57.17294598902769,MANTENIMIENTO
64,Marta,854691.0116570218,688.1825363616437,2002-04-08,4.237522395102524,COMUN
65,Sonia,372291.8071291153,250.19865812705066,2002-04-16,3.7304968513134695,COMUN
66,Javier,290044.1298418251,853.0687713853122,2015-09-05,1.9524858318189675,COMUN
67,Ana,75574.24442436153,71.0719648879583,1970-10-10,19.18048732158657,MANTENIMIENTO
68,Manuel,218224.46121580643,292.3053469973399,1993-02-12,7.8200576797981425,COMUN
69,Lucia,931027.1268828235,321.68796221167804,2021-07-18,67.53983354345947,MANTENIMIENTO
70,Luis,73009.02407815693,125.5644061172475,1990-08-31,79.50084922181568,MANTENIMIENTO
71,Ana,265754.2199046781,912.4643039004709,1954-02-05,4.231692241860561,COMUN
72,Sonia,290291.8920490445,426.0348794274005,1962-02-05,7.662696529812001,COMUN
73,Jorge,73674.90117993316,170.89426082186608,1963-07-16,3.3792479270546663,COMUN
74,Luis,978641.2840558401,887.06695439951,1951-04-26,9.694947014186075,COMUN
75,Luis,3113.7710395179733,692.548153865921,1986-06-18,52.1960705580382,MANTENIMIENTO
76,Daniel,221898.82449352316,107.06544861927458,2017-03-26,31.518675965990937,MANTENIMIENTO
77,Manuel,418251.74500925414,505.8043312867133,1987-12-23,1.5271945820320987,COMUN
78,Manuel,214227.31895774265,204.14935725915652,1973-11-22,5.175500332584303,COMUN
79,Jorge,931236.3035722788,289.6586902815812,2014-05-20,88.3588399572883,MANTENIMIENTO
80,Manuel,23569.4857156805,863.6967674274623,1968-05-05,1.3777497315150355,COMUN
81,Javier,34976.055723803096,572.4387230489817,1993-12-07,2.694410933171625,COMUN
82,Manuel,24629.28184719588,157.24519655197844,1967-10-05,8.592657304758916,COMUN
83,Sonia,887966.2756698957,371.47475691487983,1962-04-11,51.43764569809592,MANTENIMIENTO
84,Isabel,829230.4835754767,550.3197809380991,1986-02-20,4.450966051411957,COMUN
85,Carlos,771906.8804553321,609.7571882074219,1963-08-19,4.807122846481042,COMUN
86,Sonia,923244.5113812471,439.61254453549805,1951-02-10,2.6646086025228866,COMUN
87,Daniel,299383.16209613596,865.3356152098794,1996-02-21,38.36408794391119,MANTENIMIENTO
88,Lucia,261209.74908072944,326.53804797453535,1994-02-02,0.7310220596471795,COMUN
89,Carlos,136482.36448639646,572.6917109652751,1999-03-20,9.25056701419364,COMUN
90,Rosa,604289.1165751228,344.5422808556068,1988-08-27,8.026950921489354,COMUN
91,Victor,748915.0112756664,702.5448410296566,2009-06-07,7.929167440715407,COMUN
92,Jorge,602331.2247928642,311.6427756961384,1991-09-01,6.958673119344722,COMUN
93,Isabel,531000.5320216147,197.52563400398614,1980-01-14,4.690964113374005,COMUN
94,Manuel,382511.4157277806,777.5299011631372,1999-10-15,79.70341785599594,MANTENIMIENTO
95,Isabel,641759.8025412754,35.879369427366136,1988-08-07,14.905529348595659,MANTENIMIENTO
96,Ana,772335.8858487718,676.1608835465462,1959-12-15,0.7844107853276727,COMUN
97,Javier,885335.5869306817,733.8376517473564,1958-08-19,28.072824000259665,MANTENIMIENTO
98,Ana,259690.4967165611,180.1292492554998,1975-09-30,92.57864717871753,MANTENIMIENTO
99,Isabel,128032.33929821885,379.5232415848211,1963-09-06,7.779094235665766,COMUN
100,Sonia,331109.3402226938,182.19443345159826,1950-05-07,56.85255005195041,MANTENIMIENTO
101,Sonia,972432.4929290641,917.2297422298784,1954-02-24,3.549979987835279,COMUN
102,Isabel,989525.542961462,502.2074428288368,1957-10-09,22.642942651619457,MANTENIMIENTO
103,Javier,700304.8334153736,370.6442259747276,1974-02-04,66.53261052695626,MANTENIMIENTO
104,Marta,997446.5870473675,434.2704076424002,1959-01-14,27.620390882579294,MANTENIMIENTO
105,Rosa,962373.0128042661,7.057293444418078,1972-06-21,0.43909925607419353,MANTENIMIENTO
106,Jorge,723771.3633398269,609.3191341631818,2002-04-27,6.179448315819689,COMUN
107,Carlos,146459.07237625553,101.83220478373501,2019-08-20,2.621649210993904,COMUN
108,Marta,398334.5896014476,352.419372169424,1953-02-04,64.0937512336084,MANTENIMIENTO
109,Ana,1056.0033543469901,963.3804437289226,2021-10-17,5.752580718375637,COMUN
110,Rosa,118725.33070065823,761.9193087708501,1989-11-28,7.517813994279622,COMUN
111,Victor,762018.1092746643,223.618339568043,1958-11-27,7.4006106620489085,COMUN
112,Daniel,48982.787289570006,629.2020000325199,2005-04-13,33.50488606948158,MANTENIMIENTO
113,Daniel,842784.8855840595,87.35559987247754,1973-10-30,9.020954096559631,COMUN
114,Javier,989421.6669325389,53.13324761828897,2023-09-08,2.6766364341166216,COMUN
115,Marta,994375.3889511607,266.29331858286196,1980-10-17,3.346517489042913,COMUN
116,Jorge,776082.2554431958,182.40205904796946,1955-07-22,7.029106907663572,COMUN
117,Marta,867305.6597376865,699.2853701894273,1978-09-28,26.139720075977635,MANTENIMIENTO
118,Pedro,881138.1071334069,941.8021183441329,2008-11-10,7.784656341077256,COMUN
119,Jorge,941589.6602935308,880.2438562196613,1965-05-24,6.629848397668994,COMUN
120,Carlos,81023.82327234435,865.1045776071304,1953-10-26,1.8505930855572605,COMUN
121,Javier,974087.9154540307,678.5460029017538,1992-02-04,8.367998434229278,COMUN
122,Javier,143070.71022532397,267.52357359233304,2013-03-26,15.836843810159651,MANTENIMIENTO
123,Lucia,364662.9398788864,944.0258289488869,1954-09-10,1.5182823467417839,COMUN
124,Daniel,154055.86667161595,944.8782181309004,1995-01-31,4.264508872624778,COMUN
125,Victor,193892.0060902515,939.6112003777763,2001-06-07,9.572362723937214,COMUN
126,Javier,393282.07910579897,384.40539720001345,1960-08-27,9.585200613928896,COMUN
127,Julia,142470.21218963325,739.3931511468576,1953-02-27,96.35989672523745,MANTENIMIENTO
128,Manuel,542611.9591409626,113.78016159261684,1976-08-14,1.8079617208408227,MANTENIMIENTO
129,Lucia,25915.61902866016,168.39061725640747,1974-11-27,61.98194727594245,MANTENIMIENTO
130,Victor,440278.6159762116,300.2514347978897,1957-09-22,0.24416514636865005,COMUN
131,Jorge,326758.45208257495,642.5009018643927,1960-01-04,5.663066275931028,MANTENIMIENTO
132,Carlos,688288.9858776574,40.90264467232729,1971-04-08,7.117643848875099,MANTENIMIENTO
133,Lucia,818062.2333009058,393.10220357766946,2002-07-15,0.5917361221421624,COMUN
134,Javier,50822.188256403366,957.8984083564492,1966-01-17,6.39222859596188,COMUN
135,Isabel,219882.90186966912,30.50144083743078,2007-07-06,26.649801864022105,MANTENIMIENTO
136,Victor,813206.2994861659,729.1797583888546,1960-09-06,7.320703131719474,MANTENIMIENTO
137,Daniel,710124.8083631404,213.8969617190264,1965-12-23,37.49316501713702,MANTENIMIENTO
138,Jorge,144831.64394737425,45.42233714566579,2008-06-11,76.72529657900093,MANTENIMIENTO
139,Luis,147198.8075423795,352.75247928260643,1993-01-11,54.511743282646954,MANTENIMIENTO
140,Javier,893725.963039831,188.1731207813655,2019-01-28,72.48880407835591,MANTENIMIENTO
141,Victor,957927.4855492595,765.4548982786288,1977-08-23,4.791183752928024,COMUN
142,Carlos,297479.8424908506,971.9332316966756,1965-01-15,2.2182660574456126,COMUN
143,Marta,830276.4642809812,565.8555830077275,2002-11-05,74.43419360007908,MANTENIMIENTO
144,Javier,704765.3224823393,184.55547207112622,1982-01-01,70.74398757183266,MANTENIMIENTO
145,Julia,657718.415179569,736.7708514637312,1972-12-22,8.75137230687956,COMUN
146,Manuel,618841.3349385418,895.6772079162795,2018-07-20,83.17229233061101,MANTENIMIENTO
147,Marta,544357.3958533076,381.7441255341827,2001-10-02,58.07697351674219,MANTENIMIENTO
148,Jorge,147181.35043448157,82.01063351179705,1994-02-09,57.929525954854896,MANTENIMIENTO
149,Lucia,183356.46864179077,22.34911668641393,1993-10-31,0.30080094421990333,COMUN
150,Jorge,409696.57488358696,941.1640248410239,1952-08-08,9.304486426501375,COMUN
151,Marta,466719.98742342286,28.039161310638548,1954-01-01,66.84847855210863,MANTENIMIENTO
152,Daniel,359958.3535193116,32.26882620488458,1993-06-12,2.5148199949919228,COMUN
153,Julia,868085.0004491651,829.0254242649972,2019-08-05,35.207836713466676,MANTENIMIENTO
154,Daniel,161347.71258431667,992.039766876436,1951-07-21,74.25401046016576,MANTENIMIENTO
155,Luis,887872.0313037108,469.89224416564036,2010-06-16,7.564482285666094,COMUN
156,Pedro,334178.44811517396,28.995887946255294,2009-01-11,7.408989508587633,COMUN
157,Luis,717935.5611759437,312.6352142850229,1954-08-05,3.4414541860476655,MANTENIMIENTO
158,Lucia,776551.7268866976,696.4224877436468,1982-01-28,49.11177139673796,MANTENIMIENTO
159,Julia,199738.81074152468,292.53375793602186,1992-01-31,55.72595977708767,MANTENIMIENTO
160,Julia,15006.10605470429,586.2553620285838,2018-11-06,1.5070351600341336,COMUN
161,Lucia,225054.42071926963,68.7466805618031,2022-09-21,2.781125109938578,COMUN
162,Ana,110926.2823462355,571.4202315051726,2008-10-06,3.0091151941617045,COMUN
163,Daniel,840264.0543830516,693.7455534507391,1981-01-28,80.4006160312331,MANTENIMIENTO
164,Luis,117166.70417795009,53.262003516221455,1964-01-23,7.703012428493771,MANTENIMIENTO
165,Sonia,541495.182923814,51.67768522060368,2002-11-18,65.47258525452712,MANTENIMIENTO
166,Manuel,187433.74632463543,343.5497917844763,2011-07-29,22.097684488465873,MANTENIMIENTO
167,Luis,594092.0662870315,285.4766152692274,1970-09-29,4.219196165846873,COMUN
168,Marta,146649.8799123506,827.1455204551645,2004-11-12,89.12576524972579,MANTENIMIENTO
169,Victor,580270.0008036209,746.014978583562,1963-06-20,62.1042536896497,MANTENIMIENTO
170,Javier,695798.8945834375,911.7751849668198,2017-04-21,94.13185077799164,MANTENIMIENTO
171,Carlos,938249.0571914443,653.8207088160887,1959-02-23,9.515585632729636,COMUN
172,Isabel,335617.9475575725,975.4434904153827,1993-02-09,59.70450904657716,MANTENIMIENTO
173,Marta,823702.7701880257,664.8547588241772,1994-01-01,4.474248715178295,COMUN
174,Luis,622965.6882715356,569.8844741675114,1994-05-15,2.764249080199521,MANTENIMIENTO
175,Marta,328991.4078460173,876.574366232758,1968-04-23,61.02356212835407,MANTENIMIENTO
176,Marta,499749.9012325637,30.041725935800343,1991-04-13,2.1135401497118855,COMUN
177,Manuel,893377.0866752269,498.98298372673435,1950-07-07,7.1503385625849125,MANTENIMIENTO
178,Ana,134948.70279659974,374.9237334905487,1977-05-27,74.84539528355442,MANTENIMIENTO
179,Daniel,617238.9573402582,447.59433295131225,1961-12-28,62.84078951166715,MANTENIMIENTO
180,Carlos,30501.60980949732,964.2814986557697,2019-08-25,86.86766177586902,MANTENIMIENTO
181,Isabel,161221.93402040095,491.21455096788344,2012-02-13,6.389436734101286,COMUN
182,Luis,47684.50955817146,798.4068266166581,1961-02-02,81.871988693974,MANTENIMIENTO
183,Javier,1000261.3381030814,307.17312388371045,1991-11-26,74.77496128090878,MANTENIMIENTO
184,Jorge,495012.40923073795,614.9517094388144,1963-11-04,9.768802220738538,MANTENIMIENTO
185,Carlos,954528.0751437088,860.1097965106416,1966-12-12,7.430045774325862,COMUN
186,Sonia,502738.8072706568,47.019960607087356,1953-08-07,63.431582497581616,MANTENIMIENTO
187,Manuel,176535.32321056176,927.6511779322803,2016-01-25,0.17625694991510454,COMUN
188,Carlos,605638.8091357492,60.88525781028853,1975-06-21,96.95416865649658,MANTENIMIENTO
189,Lucia,142938.22545752564,347.2872412635226,1964-02-21,62.46065743656488,MANTENIMIENTO
190,Victor,709974.2385147648,689.5394281918346,2000-07-13,82.14746957357477,MANTENIMIENTO
191,Daniel,624940.9027777744,653.4848334094465,1970-08-03,27.668478181374713,MANTENIMIENTO
192,Rosa,505345.66116488795,719.8781077966645,1975-08-26,0.6702660597078969,COMUN
193,Julia,157703.7489761155,212.55128146422064,1976-11-22,8.446293630711285,COMUN
194,Javier,838534.9490978953,476.6815813850529,1972-02-09,1.75456960439896,COMUN
195,Ana,182714.42000814364,744.9884715114804,2008-10-22,95.62908015583099,MANTENIMIENTO
196,Victor,613435.3191480024,175.6498490026761,1986-10-21,47.38051484252015,MANTENIMIENTO
197,Isabel,722751.1728025561,251.05358157720104,1994-01-20,19.015706270055876,MANTENIMIENTO
198,Sonia,444753.0124767144,490.60379987360056,1966-11-18,3.1266087007464973,COMUN
199,Sonia,323826.5802730376,824.9697896639506,1989-04-19,9.251158734349419,MANTENIMIENTO
200,Sonia,525345.0567746601,996.5644362785471,1962-02-23,2.329501102684457,COMUN
201,Isabel,854351.0890108242,656.7067832082362,1990-11-29,82.63898792578634,MANTENIMIENTO
202,Manuel,11832.098126682957,10.774804117487102,1977-06-01,61.039100731296614,MANTENIMIENTO
203,Julia,821703.2393727052,677.4768126539715,2016-06-16,6.83383454373499,COMUN
204,Jorge,664493.563742632,57.83012288036704,2008-03-10,97.3999878481046,MANTENIMIENTO
205,Luis,913432.8069530522,806.069668804852,2010-10-08,9.559412369009689,COMUN
206,Jorge,479414.22937689035,732.9336354017236,1951-07-18,25.85047994044598,MANTENIMIENTO
207,Ana,706456.9556326928,597.8755214105453,1958-01-06,77.81702515871089,MANTENIMIENTO
208,Javier,708406.7633391417,128.89697990320326,1992-08-27,65.7750501435847,MANTENIMIENTO
209,Isabel,758837.4213980269,286.92192425914396,2011-07-23,49.723861402504745,MANTENIMIENTO
210,Isabel,848384.7934163602,227.8555410196207,1954-12-31,4.971547251936884,COMUN
211,Javier,685047.4133536759,743.4769085137672,2015-10-09,9.353359417235502,COMUN
212,Pedro,976603.347701361,737.7709498347845,2023-07-01,63.800310092817206,MANTENIMIENTO
213,Victor,293052.5033742258,745.7479446557321,2004-11-05,54.374740077896476,MANTENIMIENTO
214,Jorge,242521.3433897161,776.6439601671747,2021-08-28,3.6484576109224633,COMUN
215,Marta,443038.45587069413,183.9318113029701,1965-03-09,9.359493205145904,COMUN
216,Julia,292970.7137493991,573.9632814947603,2003-06-11,4.894858517973867,COMUN
217,Ana,935221.086521884,378.3477751272514,1993-02-01,6.157361149151667,COMUN
218,Lucia,999841.6905570527,969.266841278,1989-07-19,5.310264522649946,COMUN
219,Victor,500870.0672665183,600.6128904581241,1959-04-23,88.92394000302679,MANTENIMIENTO
220,Jorge,42611.61350818537,941.7937205126691,2022-05-13,30.116888000993935,MANTENIMIENTO
221,Lucia,833468.3270491802,137.79448949911554,2000-11-03,9.663018977438098,COMUN
222,Carlos,679756.7595818386,703.056687544129,2022-01-27,3.7432386446232813,MANTENIMIENTO
223,Lucia,528812.6757751232,834.2019633635299,2013-05-13,1.1702067038435215,COMUN
224,Ana,393392.09047746717,25.766727292709234,2022-05-31,3.8419100004336038,COMUN
225,Julia,838838.3836085324,983.9562700493021,2018-09-16,45.33750368733015,MANTENIMIENTO
226,Luis,72383.68245819525,467.89244959342636,1998-10-17,0.22400881329236788,COMUN
227,Daniel,307022.46777691133,729.7017397531625,2001-03-28,4.537066977716964,COMUN
228,Rosa,935671.0529223692,979.7389997608998,2022-06-05,59.36170373220628,MANTENIMIENTO
229,Victor,542384.7535749011,748.8024389108353,1976-01-20,73.94212065400554,MANTENIMIENTO
230,Ana,570624.4921815051,54.78246090326222,1968-01-12,7.523756703955481,COMUN
231,Isabel,735365.0485338367,978.0905340251509,1985-08-24,8.486306695465512,COMUN
232,Pedro,186942.0331908275,101.59737167705052,1993-01-08,7.132444851810749,COMUN
233,Marta,928207.0069452181,441.71172679445516,1958-10-31,8.305602839683381,COMUN
234,Carlos,513866.13787812967,74.56687019731967,1977-06-16,5.348201224559571,COMUN
235,Daniel,562925.8479263741,903.8389346695232,1950-04-04,4.073919925145165,COMUN
236,Marta,737367.6555544676,605.1656245774466,2015-08-26,6.026781750533194,COMUN
237,Ana,415476.7443726373,69.00184329463444,1996-05-19,21.68203208043028,MANTENIMIENTO
238,Jorge,353406.8917690832,923.4586099429886,1976-04-18,3.3675810014453154,COMUN
239,Javier,761374.9574656166,397.5069530426402,1952-10-10,2.5894748809197354,COMUN
240,Luis,965437.0560042729,751.0590829649927,1975-06-27,5.589177641179843,MANTENIMIENTO
241,Carlos,348745.87727769284,291.8988952267525,2002-01-17,1.2524556531799047,COMUN
242,Victor,745965.0261679874,82.14137754796047,1980-05-27,18.316085107659973,MANTENIMIENTO
243,Julia,704604.6700112163,442.64046056909467,2017-10-05,8.851659701307087,COMUN
244,Carlos,598227.1269058648,348.20576178072014,1990-01-11,57.04949467233259,MANTENIMIENTO
245,Isabel,220080.27249023583,497.1655905987188,1976-10-01,64.75772857807458,MANTENIMIENTO
246,Daniel,943875.0616996908,885.1435119112864,1963-10-26,65.9398954955657,MANTENIMIENTO
247,Victor,571307.2225243064,936.1857569794628,2012-08-04,7.995648608202793,COMUN
248,Javier,571997.4944982535,887.7527644100469,2023-05-01,47.69246573725263,MANTENIMIENTO
249,Manuel,172811.34540083242,104.6069013247235,2011-04-07,7.542260448426696,COMUN
250,Javier,54826.891550644585,147.206547401317,1989-06-15,0.9197789170345327,COMUN
251,Javier,643411.3782230106,751.6409371036522,1972-01-18,71.19478465326715,MANTENIMIENTO
252,Daniel,925100.2882340326,821.0765288943431,1984-12-13,1.2677970207725708,COMUN
253,Manuel,576949.2620937086,185.67174230479878,1965-08-09,4.5625416786697635,COMUN
254,Marta,72253.47758722269,283.3670969477865,1974-08-05,2.317760229302369,COMUN
255,Sonia,418545.0279829559,244.1627870695292,1969-08-05,5.656619682514793,COMUN
256,Ana,718434.7222027704,743.6161197900904,1969-11-23,8.95169808093953,MANTENIMIENTO
257,Luis,714549.8506066668,717.3697944632839,1960-08-08,6.270873456185178,COMUN
258,Luis,736722.6690147861,809.4708388698804,1997-10-19,51.400393179902,MANTENIMIENTO
259,Luis,698942.49972052,646.8480934934026,1997-01-12,8.419330491234689,MANTENIMIENTO
260,Manuel,195927.2267614221,496.24766415728516,2015-06-19,55.672829007066774,MANTENIMIENTO
261,Julia,874578.9636346909,45.721917611169836,1962-10-13,2.456739428999919,COMUN
262,Carlos,614938.1468151595,359.83756460135254,1958-01-29,21.910341441193992,MANTENIMIENTO
263,Luis,74464.13533497464,57.407850642888334,1971-08-03,71.38196070439997,MANTENIMIENTO
264,Marta,677767.4414767282,445.91941969202196,2004-05-26,4.032165776159119,COMUN
265,Marta,404066.87684962957,382.9630199550942,1995-09-27,7.281078216974047,MANTENIMIENTO
266,Victor,993205.6029445746,608.7955776467941,1985-01-03,1.0880555206032538,COMUN
267,Lucia,482646.11637306755,964.4534801267312,1968-04-12,0.9903886767325498,COMUN
268,Luis,910380.5764534675,457.26549152851845,2019-01-16,6.040901019008044,COMUN
269,Isabel,489595.608656285,412.71615049292797,1967-09-25,2.2354115295689314,MANTENIMIENTO
270,Lucia,429469.01616988523,732.8046020957933,2021-06-03,36.156577748692534,MANTENIMIENTO
271,Ana,734948.7461107582,512.6134661357199,2006-03-12,4.774925529617841,COMUN
272,Luis,857366.7287132569,316.91757396680754,1975-02-19,95.70934915993476,MANTENIMIENTO
273,Sonia,737412.5127659302,327.35647995305106,1983-05-11,73.90348281508143,MANTENIMIENTO
274,Julia,87272.94775978132,299.8859902179911,2005-11-01,8.815955060629443,COMUN
275,Victor,214620.84871402485,955.6993941294049,1950-10-03,63.11022634711808,MANTENIMIENTO
276,Manuel,160887.4747983277,622.2330987298101,2021-04-02,30.939437643614898,MANTENIMIENTO
277,Marta,826712.6345491608,871.7839588689963,2012-08-10,1.445961069169488,COMUN
278,Rosa,197256.0681994741,723.0785008466805,1982-05-22,3.0570853560098596,COMUN
279,Marta,124848.5305977252,997.1399673561049,1979-02-05,2.8013828775378835,COMUN
280,Carlos,750230.1542832182,396.1585476078225,2014-02-01,73.80443239084634,MANTENIMIENTO
281,Victor,782883.2498055001,217.82351961223833,1998-10-27,9.639728566714766,COMUN
282,Marta,247031.50324943644,664.638818053562,1999-06-24,28.220116730835564,MANTENIMIENTO
283,Marta,988106.1211438732,966.9020263538158,2008-12-24,0.569394077617037,COMUN
284,Daniel,337530.60558636853,939.9469443934853,1961-11-06,3.8333282019825834,COMUN
285,Javier,675753.1735382389,743.4713800068063,1968-02-04,4.932311830801096,COMUN
286,Lucia,769559.3973995798,27.70570022049579,1981-09-29,8.459847060872436,COMUN
287,Sonia,292877.18741555157,34.11684034570639,1998-11-19,4.460019036813534,COMUN
288,Manuel,765884.5374314788,685.4479188868138,2006-04-14,8.842530820033355,COMUN
289,Daniel,760140.1754378936,41.206337700238734,2019-08-28,1.2098707130810682,COMUN
290,Daniel,823367.21485919,422.14580397319344,1976-12-15,96.41893150379799,MANTENIMIENTO
291,Daniel,471163.9097347771,904.6310160527757,1969-12-26,32.71573337528958,MANTENIMIENTO
292,Isabel,459328.03669205646,58.68946963207067,2005-10-07,6.15298400334868,COMUN
293,Jorge,386239.05247692217,729.5846799697874,2006-07-30,36.5022580423709,MANTENIMIENTO
294,Ana,518223.1991488494,241.30073618435978,2020-10-25,5.764576067004002,COMUN
295,Daniel,603452.3327436732,702.7002555844563,2001-03-07,0.08557208045196774,COMUN
296,Pedro,439417.9249080799,616.4697660119955,1952-09-14,1.7380792967025382,COMUN
297,Isabel,184643.74754019387,892.3376651936107,1960-03-02,43.58187842636957,MANTENIMIENTO
298,Julia,208118.56386439857,736.3536541827108,1971-05-20,7.041471172528687,COMUN
299,Julia,552051.920087726,986.0450183570945,2019-08-29,8.86183543149768,COMUN
300,Isabel,641392.0246164997,967.6781089105876,2011-04-23,8.170803627383258,COMUN
301,Isabel,354046.146308681,219.19005910483335,2020-12-16,5.887237993865834,COMUN
302,Javier,184663.6783601582,725.0341105586118,1956-10-27,45.266011325922015,MANTENIMIENTO
303,Isabel,403976.9353200502,93.48684769231286,1957-11-22,11.660418417421582,MANTENIMIENTO
304,Jorge,521140.2641270144,241.06366624144394,1988-03-08,79.84745607880114,MANTENIMIENTO
305,Marta,72904.76990536232,172.61862990414866,1970-08-17,7.764748554118839,COMUN
306,Javier,997253.9632350063,821.3802152113994,1961-01-03,9.811194972035604,COMUN
307,Carlos,423788.0839529206,274.38375394351635,2022-03-08,9.396914116120124,COMUN
308,Rosa,174466.68876172512,111.17052885814071,2004-05-30,80.17156466727067,MANTENIMIENTO
309,Sonia,330626.1673386416,754.7695398342578,1978-05-15,36.379321775752395,MANTENIMIENTO
310,Sonia,738610.7964202648,323.27660986345677,1953-09-17,7.63609939406019,COMUN
311,Daniel,905061.9770373896,299.0839437937648,2014-02-06,5.380226673150722,COMUN
312,Julia,444373.07670639764,644.1581874313978,1992-07-27,9.226255337439111,COMUN
313,Daniel,728051.9637890506,698.7528443878244,1990-07-25,9.157704337861045,COMUN
314,Isabel,914552.9432073375,144.48694770649396,2012-02-28,7.162024139635252,COMUN
315,Daniel,615406.5455818784,499.61614601224557,1993-08-08,5.696821779162668,COMUN
316,Sonia,757344.59263744,475.2260428647407,1964-04-06,8.974963904358065,COMUN
317,Marta,39294.79383760977,158.53341673185128,2006-03-19,32.176498804358225,MANTENIMIENTO
318,Manuel,742103.9978224603,427.8999172974889,1977-12-22,0.1398136316625398,COMUN
319,Sonia,733190.5993483572,439.8356817515373,1995-03-03,76.11822279719755,MANTENIMIENTO
320,Luis,667867.930769866,79.36041753405121,2010-02-17,52.73260209849071,MANTENIMIENTO
321,Luis,572215.6811063199,221.6368139939614,2007-11-26,76.6527904656279,MANTENIMIENTO
322,Daniel,989291.297635583,726.7074065121905,1997-07-19,67.22928841006441,MANTENIMIENTO
323,Lucia,455404.9815204275,664.2447159374117,1977-05-02,19.72227941165783,MANTENIMIENTO
324,Luis,333662.299286472,147.1234324313566,1951-03-18,49.713378882633464,MANTENIMIENTO
325,Marta,622086.2788913621,818.888620682527,1972-08-31,3.102760770959956,COMUN
326,Sonia,710241.7896609757,890.2333464847395,1968-04-08,2.164330501309293,COMUN
327,Manuel,686323.7733957818,224.7056813711732,2006-04-19,1.9400829994956936,COMUN
328,Lucia,407354.0028426221,327.2017928151589,1973-01-17,3.9575727834719077,MANTENIMIENTO
329,Lucia,565228.4073819197,855.4065681970923,2021-01-13,0.894321688529397,COMUN
330,Rosa,478430.21413782344,41.132390134856365,2022-02-20,0.1399476842066638,COMUN
331,Manuel,485883.38067382376,934.2664089538312,1990-02-20,8.928402849035841,COMUN
332,Luis,77574.74413141854,847.4348399970725,1958-02-17,1.420780565471449,COMUN
333,Javier,385674.4729838703,637.0635410179387,1968-05-18,3.9974966406057035,COMUN
334,Javier,980185.2710160598,280.6768683536003,1980-02-28,0.9409220422981135,COMUN
335,Sonia,177947.18802896675,547.3159034980399,2000-06-15,9.607046797587927,COMUN
336,Marta,233714.3791424825,776.0402024397115,1994-05-20,2.4670706253330943,COMUN
337,Julia,672141.2722400234,916.6406120690475,1963-05-31,1.7354203827193782,COMUN
338,Daniel,58809.1263945505,8.85088787650712,1989-08-31,5.276811805994113,COMUN
339,Lucia,311874.24696640397,315.28942519697057,1986-11-24,0.3457237029324467,COMUN
340,Luis,992808.5223906261,934.7560238159912,1986-04-18,64.19949222276016,MANTENIMIENTO
341,Lucia,379860.2376274412,133.88897035194515,1977-12-28,61.273466568452285,MANTENIMIENTO
342,Isabel,588915.5749395697,995.9703938947212,2018-11-09,6.931948896332648,COMUN
343,Isabel,869059.5716909947,617.1416150503759,1953-05-24,79.61321068130671,MANTENIMIENTO
344,Marta,58291.31237002036,725.6184066785835,2023-07-10,99.59396096527836,MANTENIMIENTO
345,Isabel,911057.2600617411,673.7189222197939,1983-08-20,9.894580828358679,COMUN
346,Pedro,757842.6843223737,592.5476665521568,2009-08-04,0.17128844043655667,MANTENIMIENTO
347,Julia,398364.1281331091,613.8064509768809,1955-02-19,81.36740759736495,MANTENIMIENTO
348,Daniel,652594.1430909047,383.092848224016,1993-02-09,72.9398034666887,MANTENIMIENTO
349,Ana,283125.0789371891,216.7354328862392,1954-11-29,87.59016944535828,MANTENIMIENTO
350,Ana,641245.0815471008,714.1193798531073,1954-04-14,90.58827845530287,MANTENIMIENTO
351,Rosa,996602.5751572653,125.86278036334097,1995-11-18,5.378432298886223,COMUN
352,Jorge,995820.4263013533,413.27852286699584,2016-06-15,1.7909083983449103,COMUN
353,Jorge,459780.68162103917,506.3383820877937,1985-06-02,3.1514644462446615,COMUN
354,Daniel,145221.47630685545,487.75675918356507,1952-02-02,2.6681308928760816,COMUN
355,Julia,298506.6120325446,183.62411892275287,1974-01-22,0.8798093480692382,COMUN
356,Sonia,562977.1825844959,231.90397204260503,1972-08-03,74.94378698941219,MANTENIMIENTO
357,Lucia,104751.58948493711,106.60663541582448,1981-12-18,69.46950844809118,MANTENIMIENTO
358,Sonia,698582.8117974213,696.9765561887376,1992-11-23,40.315594225883885,MANTENIMIENTO
359,Ana,892831.909375794,948.8716031725911,1959-08-02,71.57737586832768,MANTENIMIENTO
360,Ana,604493.7717805126,262.83303360020915,1973-07-05,5.024429887921013,COMUN
361,Lucia,330783.04808873194,975.1844852165308,1984-07-09,3.3441916306636923,COMUN
362,Julia,281116.7053977582,411.77159327685797,1973-11-21,3.965985325913536,COMUN
363,Luis,836526.7085028405,957.4486746463481,1965-04-28,0.8292816108804679,COMUN
364,Lucia,653008.2557554744,8.799876680532282,2012-09-22,88.48468037691684,MANTENIMIENTO
365,Marta,209009.90145139195,925.3892720023354,1958-08-15,0.5064120121467186,COMUN
366,Rosa,657953.3986037433,440.47991686674106,2023-02-04,47.79819988951516,MANTENIMIENTO
367,Carlos,188129.92480044405,881.9363458972447,1955-11-07,7.395898228254197,COMUN
368,Javier,5651.830335644166,856.0916838670943,1995-04-02,54.17663514498117,MANTENIMIENTO
369,Marta,109985.45894718858,301.7590904503672,1975-02-18,20.80707057184271,MANTENIMIENTO
370,Manuel,912388.8409467287,490.21088696609337,2021-03-13,5.682665577934708,COMUN
371,Julia,716816.69875395,263.62788717721196,1977-08-21,44.022626694715704,MANTENIMIENTO
372,Manuel,399311.97603306273,624.8979880644943,1987-06-21,41.60403426735374,MANTENIMIENTO
373,Jorge,146910.81396219792,443.2589662483628,1992-01-08,0.21313161624114785,COMUN
374,Jorge,642770.2687624492,172.5471602416374,1993-08-05,29.85615077230037,MANTENIMIENTO
375,Isabel,218759.6098579013,913.0214187716621,1974-06-05,1.8369172459770722,COMUN
376,Carlos,379604.4140323853,127.0450345313856,2012-08-23,58.249862613724225,MANTENIMIENTO
377,Victor,270857.28818850126,758.3646686339845,2013-05-18,11.767051836805598,MANTENIMIENTO
378,Jorge,425300.0157401477,241.24133375231338,2011-09-17,0.8343885189465106,COMUN
379,Sonia,92723.23640091202,928.0493745330186,2012-12-31,1.1419277071806,COMUN
380,Ana,72534.83756641728,242.8343021804943,1993-08-29,51.637480286404184,MANTENIMIENTO
381,Carlos,817025.0956499386,486.24258214078696,2001-08-11,62.29516295880666,MANTENIMIENTO
382,Rosa,394862.4763618315,698.6260351432684,2022-10-12,7.174957115036218,MANTENIMIENTO
383,Julia,114060.07552165851,529.2636568696504,1971-11-14,6.69873750099347,COMUN
384,Carlos,350080.4384005627,278.7038600473294,1970-07-28,74.50806590183024,MANTENIMIENTO
385,Daniel,540331.2503278198,468.24461613231585,2020-06-23,2.8201215325217555,COMUN
386,Luis,54230.473065322454,657.4560402073795,1950-01-08,0.49160970229293555,COMUN
387,Victor,555526.0498608828,161.19488993963537,1996-06-14,61.57403325490625,MANTENIMIENTO
388,Ana,623171.9519617693,617.4309703336231,2007-05-06,8.256108831190911,MANTENIMIENTO
389,Carlos,428869.4465584613,503.93673209976043,2007-04-30,3.7574182804683764,COMUN
390,Luis,667255.6279480093,94.90128556840682,1980-05-05,61.66338078038655,MANTENIMIENTO
391,Rosa,82583.22066076867,559.1049265821259,1997-05-17,84.76404635300644,MANTENIMIENTO
392,Marta,733806.6214003895,922.5952025230129,2016-04-14,8.954483726871926,COMUN
393,Rosa,846035.1221939058,115.87992574361405,2018-12-28,44.621846130266995,MANTENIMIENTO
394,Sonia,838898.9379218655,885.4095883605218,1987-04-22,21.905847571455727,MANTENIMIENTO
395,Isabel,87107.91133699584,730.3510678898041,2017-11-25,1.0402096707884612,COMUN
396,Manuel,683272.6177442671,409.0203582162951,1971-04-07,10.02346638849001,MANTENIMIENTO
397,Sonia,792358.6499805963,797.3824598816018,1962-08-05,9.174704358903918,MANTENIMIENTO
398,Lucia,131206.5784993592,749.1576202833425,1989-10-19,8.482683193658321,COMUN
399,Victor,383672.0772107037,49.58091998720215,2012-06-08,97.21789705056891,MANTENIMIENTO
400,Marta,177715.15981481536,940.9143147215725,1952-09-16,84.06809757890905,MANTENIMIENTO
401,Jorge,320339.4571791671,67.44199893881431,1976-12-12,34.350300488056426,MANTENIMIENTO
402,Daniel,840586.680806769,2.809119270572369,1964-10-20,4.94649223150999,COMUN
403,Luis,432816.028664979,916.9764437759242,1954-10-22,8.257265641453795,COMUN
404,Victor,209525.0574704707,969.4252286076522,1996-12-31,4.468205914856071,MANTENIMIENTO
405,Victor,418824.26465242397,907.096344204758,2000-10-03,38.549809448208684,MANTENIMIENTO
406,Pedro,270992.1890428734,249.29896810776353,1980-04-25,67.15642457724005,MANTENIMIENTO
407,Manuel,497980.33610407927,678.7662637725734,2004-08-24,57.99876644954247,MANTENIMIENTO
408,Manuel,175280.12288630506,571.3330805961497,1962-08-02,3.098054015114556,COMUN
409,Marta,873722.1341106489,401.4018452963558,1975-09-09,6.295878325599488,COMUN
410,Lucia,113865.78851340905,393.3617879611722,1984-04-25,58.681175132189665,MANTENIMIENTO
411,Julia,432014.941777751,759.224545931264,1956-07-10,40.204575478077096,MANTENIMIENTO
412,Jorge,243219.70429447314,100.5952488698133,1974-04-30,8.167233141907403,COMUN
413,Carlos,941099.6707043059,661.2576878227096,1980-04-14,40.72392464341274,MANTENIMIENTO
414,Marta,800951.8107033758,619.5240859351602,1972-07-11,78.53362456711302,MANTENIMIENTO
415,Lucia,978433.4784580765,203.37575644568028,1966-02-19,7.62161150906995,COMUN
416,Ana,958483.0472101114,214.46463768710976,1987-04-12,2.1975693769304927,COMUN
417,Rosa,833948.9730863115,349.2954232632992,1993-05-30,7.897774744006185,COMUN
418,Pedro,921331.0978360317,219.27837365211366,1957-10-06,3.374101181673833,COMUN
419,Ana,781830.6931403719,79.6233804545633,2019-01-04,46.32768915240633,MANTENIMIENTO
420,Victor,313591.73073518404,285.89966677877396,1962-05-17,71.37507623501466,MANTENIMIENTO
421,Manuel,349171.5217686054,384.0520379129788,1998-02-18,2.9883033021822945,COMUN
422,Victor,69283.81534449315,404.1583034229115,1959-05-15,8.965055205362512,COMUN
423,Luis,507131.10252719774,441.5220244042986,1998-07-06,53.53313711714095,MANTENIMIENTO
424,Sonia,769907.0697153166,463.98413432630093,2004-04-26,7.264963093209929,COMUN
425,Pedro,154570.9325976224,646.6453532107399,2018-08-26,51.868912045652635,MANTENIMIENTO
426,Jorge,716836.157474236,491.4332613536562,1969-02-19,2.010748735595882,COMUN
427,Victor,746586.5178233432,797.9111076523518,2011-03-07,1.3109732931648632,COMUN
428,Sonia,954042.2461512331,894.0763558556349,2005-05-01,9.359242169041664,COMUN
429,Luis,541897.5808253055,764.1709707270135,2019-12-02,8.72304994103615,COMUN
430,Lucia,979095.9419898448,99.14156081424963,2010-05-27,84.44588236480179,MANTENIMIENTO
431,Julia,628690.8708138807,290.62930629490944,2017-12-04,8.102650087837354,COMUN
432,Rosa,12460.36641911277,859.4058973198336,1950-11-07,5.612827291281243,COMUN
433,Javier,684237.7758593815,294.0386824085519,1980-06-24,0.7263907937759628,COMUN
434,Julia,370733.046513331,237.18053405349326,2004-12-30,3.8714034104213813,COMUN
435,Marta,299429.8373038801,29.028066561176846,1997-08-21,8.484890293309087,COMUN
436,Marta,857738.4830227895,855.8369545266764,1992-02-06,12.752219663749676,MANTENIMIENTO
437,Rosa,693291.0365462147,883.4680436434015,1960-05-02,1.1085456172376662,MANTENIMIENTO
438,Lucia,906209.6452517144,431.17270263919795,1985-05-26,13.556389352042352,MANTENIMIENTO
439,Marta,686533.6527805342,280.50349231872184,2022-12-24,4.581171996516167,COMUN
440,Daniel,780228.1144272932,861.5167940425438,1997-03-22,15.210343038071162,MANTENIMIENTO
441,Lucia,9327.856504763973,228.36103719558741,2009-11-27,9.468561396244546,MANTENIMIENTO
442,Luis,157616.1615000444,265.8264362666937,2010-06-04,1.617381265776332,COMUN
443,Pedro,222650.74292439877,466.2648122736123,1964-08-06,0.5732025476749036,COMUN
444,Daniel,161092.92022150673,313.12843438840434,1969-07-19,45.344954046888,MANTENIMIENTO
445,Pedro,939871.1885653117,905.7711008889278,2014-03-24,2.938531977281411,COMUN
446,Rosa,121218.19990549285,984.510034745063,2017-04-19,38.78411106115978,MANTENIMIENTO
447,Isabel,443610.28791314707,161.5584855405694,1968-11-14,97.43413604870258,MANTENIMIENTO
448,Daniel,267953.6552061403,550.4658112958831,2010-10-01,0.3025931677808025,COMUN
449,Jorge,356394.6717641389,404.18708038894755,1993-05-20,41.232774388008195,MANTENIMIENTO
450,Daniel,991069.8303662878,31.758022684099664,2022-12-15,8.100468021490315,COMUN
451,Jorge,629191.8130750122,549.5666950592724,1998-04-27,22.3583693891661,MANTENIMIENTO
452,Carlos,354621.3205517767,741.0507324991207,2005-04-06,71.09012397725874,MANTENIMIENTO
453,Rosa,880580.4791670304,925.8507764652842,1968-09-27,34.10761416890576,MANTENIMIENTO
454,Victor,217298.92663618943,675.4280925024168,2022-01-06,18.579131026166273,MANTENIMIENTO
455,Luis,898069.5145243917,28.19875854081544,1963-01-10,2.402554705173756,COMUN
456,Daniel,558648.4344500668,546.5098583798132,2014-10-04,2.2106915728662524,MANTENIMIENTO
457,Marta,64929.60923179188,785.3270727666463,1978-11-26,30.786063395876695,MANTENIMIENTO
458,Rosa,417919.8650118427,95.22804407324837,1963-11-28,7.586980100841042,COMUN
459,Julia,441849.46479632845,918.9945118942518,2017-06-03,71.02906452359795,MANTENIMIENTO
460,Julia,317679.54135243327,42.430797874305036,2010-09-02,9.761824213394238,COMUN
461,Luis,393767.9980449016,478.54518683084945,1954-04-08,3.841920253924714,COMUN
462,Lucia,44279.06960768477,574.3306574394725,1997-12-01,84.5379982826045,MANTENIMIENTO
463,Lucia,789367.57843844,477.3581575643282,2004-10-25,88.22643669317351,MANTENIMIENTO
464,Marta,288830.78574179613,653.4159359397387,2008-01-30,7.259565977495706,COMUN
465,Jorge,124941.01415609184,746.5298142951515,1960-12-27,7.613869794461764,COMUN
466,Victor,862489.0153452157,680.7961225858787,2019-03-24,35.83386975303162,MANTENIMIENTO
467,Daniel,303666.48982642725,653.341431564667,1978-11-09,9.98021689648963,COMUN
468,Jorge,994579.4531593666,115.05277651432478,2000-03-28,2.866847715499011,COMUN
469,Lucia,272739.4379948765,208.04102940437807,2012-12-07,5.574479603607002,COMUN
470,Jorge,640455.8250659783,575.520044656595,2001-08-11,5.89177615135087,COMUN
471,Sonia,293319.0074897791,302.19497651826777,2010-01-14,72.87385085475658,MANTENIMIENTO
472,Carlos,694893.7888017182,724.5194992251248,1952-06-10,77.41269800333038,MANTENIMIENTO
473,Victor,282849.98674446373,385.3416745291581,1985-07-22,16.64847533193079,MANTENIMIENTO
474,Julia,625356.4067465026,833.4262239226059,1983-12-30,8.263495481353585,COMUN
475,Julia,437016.31902165,793.906230597206,2014-08-07,7.5313335000199,COMUN
476,Lucia,185583.5866207972,391.5445063278301,2003-05-19,85.80190366811247,MANTENIMIENTO
477,Marta,174373.30008708534,197.31079631795367,1977-02-10,41.23962460831386,MANTENIMIENTO
478,Victor,672670.0814592302,414.6227280761716,1958-07-09,63.16563297421438,MANTENIMIENTO
479,Lucia,414588.93177838804,220.9432635657831,2018-03-31,86.45487681137243,MANTENIMIENTO
480,Sonia,537101.9265580791,251.43891890224924,1954-04-29,3.801556259403024,COMUN
481,Carlos,212202.24677637313,244.12210706436633,2008-07-20,0.1853115918194459,COMUN
482,Jorge,139120.7297830963,672.240225189087,1986-09-15,84.97198120990085,MANTENIMIENTO
483,Isabel,936878.2624414003,653.4226388510054,1978-07-09,2.4362117813852957,COMUN
484,Pedro,976278.783254736,851.9202399944432,1983-06-23,3.3630384521656085,COMUN
485,Ana,386303.68371881533,457.7062300790775,2012-12-19,1.5504656447456278,COMUN
486,Lucia,880134.2358475726,533.6709980540385,1975-08-26,67.46427549049494,MANTENIMIENTO
487,Isabel,564126.7337261938,140.92047207432745,2005-01-11,7.832577375374682,COMUN
488,Luis,404716.6235084835,175.44655351115256,1953-12-03,67.1166047867924,MANTENIMIENTO
489,Jorge,250696.59403125948,942.2151637555249,1963-08-09,7.5682901508380525,MANTENIMIENTO
490,Julia,974667.4730265525,241.92785411515894,1965-08-06,34.807831852947956,MANTENIMIENTO
491,Victor,11804.612125825897,410.1452045527908,1970-01-27,60.26390977023459,MANTENIMIENTO
492,Daniel,290828.73826757213,8.77957341500457,1967-07-05,5.856108447080962,COMUN
493,Julia,909169.3860187884,78.70816270292391,1982-04-04,1.0567426443698846,COMUN
494,Manuel,19513.677260341978,293.8410909367185,1953-04-26,3.1292716255314623,COMUN
495,Manuel,832041.213864047,457.6911206424642,1956-10-20,13.696700214308443,MANTENIMIENTO
496,Luis,895750.7465020812,421.49560655233955,2004-12-23,3.053908123301703,COMUN
497,Victor,201029.71907203825,218.27741848167437,1961-06-24,4.92512616771219,COMUN
498,Marta,103440.01260924134,461.81290277940246,1977-10-18,89.6880647752521,MANTENIMIENTO
499,Sonia,663078.8395083792,487.0910305747669,1999-09-21,43.96748612836435,MANTENIMIENTO
500,Luis,81605.443055729,365.1627511127256,1988-02-21,5.105658775189142,COMUN
501,Pedro,359429.3624960324,537.8324775444408,1953-11-01,88.12849227896015,MANTENIMIENTO
502,Lucia,817762.5401326839,35.847425486020825,2000-01-25,85.0028911494886,MANTENIMIENTO
503,Jorge,449416.9972365284,889.3870209987106,1954-06-26,5.838208831510363,COMUN
504,Luis,178852.01668989175,654.9036697234826,1956-01-20,8.748510080184847,COMUN
505,Sonia,709057.4163519732,882.762114194072,1983-06-14,4.263016219154333,COMUN
506,Julia,910214.5360572857,672.5756040804215,1972-12-11,31.075273924474743,MANTENIMIENTO
507,Sonia,304565.2681804777,216.43811956273828,1994-12-03,29.938182304883256,MANTENIMIENTO
508,Victor,634699.4898767179,845.0620878149305,1993-12-14,41.410676914188905,MANTENIMIENTO
509,Daniel,180244.7055669015,670.69236519365,1955-12-22,8.007353678312723,COMUN
510,Javier,426212.94577133417,487.99320694132297,1985-02-24,0.24117920191019437,COMUN
511,Manuel,942572.4852948936,346.1834702753881,1964-12-16,23.31663727061506,MANTENIMIENTO
512,Victor,433815.309568823,760.6922295998125,2019-09-02,5.931920097883908,COMUN
513,Julia,689772.2666926916,180.55952579622127,1994-09-26,6.159888833211442,COMUN
514,Marta,463879.06125206046,280.63125291122617,2008-07-01,8.869905999150717,COMUN
515,Sonia,827750.2885344947,289.0797989232364,1991-08-10,46.80670939091368,MANTENIMIENTO
516,Marta,515809.3655357223,696.5896924798992,1969-03-01,39.039687227673205,MANTENIMIENTO
517,Julia,677927.0291791845,801.2168510824041,1983-05-20,0.12510517335144078,COMUN
518,Luis,876418.484052747,21.87709324573173,2002-04-03,14.409274279157957,MANTENIMIENTO
519,Victor,482259.1824586947,334.9319515498643,1986-08-29,18.836922420194014,MANTENIMIENTO
520,Pedro,670223.8658809038,545.5825475401255,1977-11-28,7.686753076039815,COMUN
521,Pedro,340597.60293588584,63.7936059112294,1971-12-08,4.337762286068544,COMUN
522,Victor,541716.1259489211,0.1651837954274038,1962-06-06,80.92162840975962,MANTENIMIENTO
523,Daniel,603474.7344172307,489.335337428363,1998-02-28,62.78356694461134,MANTENIMIENTO
524,Julia,642009.6223066532,367.80147241707294,2013-06-07,2.5289538739543085,COMUN
525,Luis,368453.10298915335,532.0255128462162,1951-12-01,8.451569473967082,COMUN
526,Isabel,48251.4216881897,255.756348119215,2022-09-24,1.3581457043172407,COMUN
527,Luis,916302.3446630228,398.9488136619649,1962-11-03,68.72863692644155,MANTENIMIENTO
528,Sonia,425719.3162792166,162.64768185041055,1966-05-12,5.6232681022218305,COMUN
529,Lucia,204498.00458570334,874.7748613824286,1981-10-20,90.93898534272056,MANTENIMIENTO
530,Daniel,904689.572349988,192.82391872072813,1997-10-29,21.11901825088647,MANTENIMIENTO
531,Victor,927857.9360850919,214.81695460402528,1985-05-31,8.583911489922732,COMUN
532,Jorge,980897.8738218519,855.1773057419088,2006-09-09,4.975835433745679,COMUN
533,Julia,144546.05662297885,694.9595439033508,2005-10-17,8.803723949232419,COMUN
534,Carlos,630753.9123473067,505.56610099909693,2001-10-06,9.984975973713944,COMUN
535,Carlos,183.21114598197974,92.96041459529236,1967-12-07,3.4039465394480595,COMUN
536,Rosa,843400.8255845127,758.621002382385,1959-03-21,5.312411989337058,COMUN
537,Daniel,805406.1053526385,939.1094381555205,2007-08-17,22.699798170422582,MANTENIMIENTO
538,Julia,328235.1660426233,805.0625671260982,1972-10-05,4.0077953821308645,COMUN
539,Pedro,410912.9202536869,281.4530068347274,2009-03-19,4.864923082593222,COMUN
540,Sonia,375620.8471294065,24.75761313338698,1957-12-05,80.13471671857405,MANTENIMIENTO
541,Rosa,754822.9228533497,961.7689620855034,2018-11-14,24.875164825002592,MANTENIMIENTO
542,Manuel,595242.9926999757,583.5948405077846,2004-11-27,1.7125577433042893,COMUN
543,Lucia,319062.4094187874,993.2044527509713,1980-11-01,9.665756929555123,COMUN
544,Sonia,623852.9611780408,843.8606238722309,1977-12-26,45.70426964391287,MANTENIMIENTO
545,Jorge,354465.88513364294,568.9645859055961,1955-05-02,1.9478495496354897,COMUN
546,Victor,886055.0716329905,403.1484556908912,1966-10-14,7.440831672435953,COMUN
547,Manuel,802353.2564828941,513.6674023389791,1976-03-24,2.830663823307936,COMUN
548,Lucia,10279.170192940805,405.93597871687916,1982-09-14,5.555155606876977,COMUN
549,Isabel,102508.6018041428,614.9561197822604,2016-05-04,6.481885651130201,COMUN
550,Luis,669169.6252287341,444.8162234041124,1982-03-07,3.0980559884184835,COMUN
551,Victor,392745.01769877836,242.6874786632387,1968-03-15,52.65570282138082,MANTENIMIENTO
552,Daniel,364302.48726996314,884.97033171424,1989-04-17,95.95019602874744,MANTENIMIENTO
553,Jorge,17592.319507812488,976.4902416387117,2010-05-14,18.71813260925136,MANTENIMIENTO
554,Sonia,993416.326717685,805.8210698822885,1952-11-03,7.0971252544156975,COMUN
555,Carlos,762091.1103653011,619.7152971693888,1997-01-21,5.079780978941729,COMUN
556,Lucia,988211.2602326976,957.9081404473446,1994-07-09,93.45565429591588,MANTENIMIENTO
557,Sonia,862216.2237792509,978.7754634452733,1972-09-01,58.49345532541247,MANTENIMIENTO
558,Javier,314231.5717225843,180.87717666656422,1956-09-26,9.733252182947883,COMUN
559,Victor,488086.77091645054,131.5987883225549,1957-08-23,65.40095246380638,MANTENIMIENTO
560,Pedro,769404.1368621443,620.076664893239,1966-05-26,3.953092573394671,COMUN
561,Isabel,246847.45392953808,597.3968589278894,1976-02-08,5.975041200555653,MANTENIMIENTO
562,Ana,693453.1577088892,814.6082849093315,1967-01-31,5.732288607416964,COMUN
563,Javier,71926.86863371692,852.1751094903435,2023-03-24,3.0245543073857384,COMUN
564,Ana,550655.9328910547,308.7773127399517,2008-11-20,99.9927740128705,MANTENIMIENTO
565,Jorge,905293.903302238,10.389579705053054,2017-04-28,33.731301447012676,MANTENIMIENTO
566,Victor,709240.1642615369,861.742046839212,2006-02-11,7.214698829199888,COMUN
567,Sonia,605341.9241108943,212.88042243475513,1992-06-27,2.843011596586832,COMUN
568,Javier,245155.26471913222,596.7623274391491,2013-03-27,5.420039863106999,COMUN
569,Javier,687132.8357650598,324.6896839492201,1986-01-14,53.673101464425784,MANTENIMIENTO
570,Jorge,707973.2639419568,541.7986551155395,2022-11-25,2.817368159832264,COMUN
571,Jorge,786929.9708783383,953.5966211652744,1971-07-24,9.291712317011982,COMUN
572,Julia,425294.00755867775,967.315506071997,1953-12-12,3.3908418975696506,COMUN
573,Julia,55237.96616674732,551.1813716381898,1975-03-20,14.209037050352125,MANTENIMIENTO
574,Marta,232241.0263153405,724.9932660269493,1967-11-09,1.2154359225564237,COMUN
575,Sonia,166952.34874661628,452.9534876830765,1991-10-02,8.809067370571801,COMUN
576,Rosa,368439.38850733225,432.6556378310381,1973-12-23,56.706028762438955,MANTENIMIENTO
577,Javier,140698.48992284833,152.5589642280064,2018-03-02,57.12363475649413,MANTENIMIENTO
578,Isabel,737267.8394923066,836.0701566908897,1982-03-30,9.786341618714562,COMUN
579,Julia,830011.4026048594,887.3054125226722,2013-01-29,3.5998135436192733,COMUN
580,Manuel,790168.857266043,7.381402349667332,2003-06-02,73.96421480123892,MANTENIMIENTO
581,Lucia,641672.4635088193,738.2226408564806,2017-08-17,10.350299277237362,MANTENIMIENTO
582,Pedro,955388.616842043,212.7880800546028,1973-02-24,16.582688293954117,MANTENIMIENTO
583,Luis,894278.0929420909,917.6008223448038,2015-04-28,7.594742180373858,COMUN
584,Julia,738698.626111758,298.676575144207,1995-12-27,7.821290609486845,COMUN
585,Jorge,102968.07360286292,730.4266935919735,1950-09-08,17.810932457602092,MANTENIMIENTO
586,Victor,511425.861357574,305.77504842702774,2020-01-23,6.885177569471833,COMUN
587,Carlos,527187.3654128381,853.3636973560737,2017-10-09,7.113189343087617,COMUN
588,Manuel,387485.7759216605,724.9942272460997,1989-03-05,39.869918159699566,MANTENIMIENTO
589,Carlos,386395.2036083465,75.8988146476457,1967-01-14,3.249406543374108,COMUN
590,Javier,637074.8435163163,356.47159956024353,2020-06-18,59.906100369668025,MANTENIMIENTO
591,Victor,374769.3679920627,493.00564118408374,1988-09-09,0.9547036229438755,MANTENIMIENTO
592,Rosa,706235.0656456464,124.93868433283461,2018-07-21,68.24360551423995,MANTENIMIENTO
593,Sonia,360180.70894380286,327.14948354961757,1994-12-26,23.943399435825896,MANTENIMIENTO
594,Jorge,103651.84705366439,439.88111128603293,2006-05-12,6.622458612240061,COMUN
595,Daniel,583034.474017121,89.68710367260525,1974-12-10,2.7244887029327702,MANTENIMIENTO
596,Isabel,242790.27503569293,768.06399949035,1977-10-21,1.6731041776222122,COMUN
597,Ana,100990.14508413422,667.6899448275011,1971-08-27,76.32861390278947,MANTENIMIENTO
598,Lucia,716811.4097145556,8.846077165148625,1989-04-23,65.60883359612856,MANTENIMIENTO
599,Julia,825079.9245490916,141.9467780190995,2015-10-17,5.139427766061674,COMUN
600,Jorge,480641.03165254573,29.307593156819188,2004-06-23,7.713364701934319,COMUN
601,Lucia,162348.9646590875,705.377643050075,2005-06-15,78.27032775301251,MANTENIMIENTO
602,Luis,987087.7593071703,326.56894640777125,1956-06-01,88.21566023277916,MANTENIMIENTO
603,Lucia,2836.3539665524695,958.3179142801446,1995-06-16,9.101547212860064,COMUN
604,Luis,533025.3321838485,238.77806024972205,1992-11-15,3.3012121318519583,COMUN
605,Marta,692506.1886982151,108.10794105068666,1988-12-25,3.0591097047337303,COMUN
606,Victor,821366.0815585266,424.0964479733177,1966-10-14,70.96489483745601,MANTENIMIENTO
607,Victor,539621.7955091079,195.14992246657326,1982-08-23,56.57881065531555,MANTENIMIENTO
608,Victor,117858.2692193204,468.61550745346614,1957-12-14,67.00255123563157,MANTENIMIENTO
609,Manuel,450033.4412736398,406.0705932843853,1979-08-27,23.164292420187238,MANTENIMIENTO
610,Daniel,354638.88693528116,469.4857860412526,2021-10-28,22.744276550166433,MANTENIMIENTO
611,Daniel,443921.5728333713,816.8545958497451,2014-04-07,4.991415860182919,COMUN
612,Jorge,73967.53885632115,268.643681439781,1995-07-10,4.201558468246703,COMUN
613,Sonia,1702.4200203409823,534.7901354374951,2019-10-13,5.703276857244007,COMUN
614,Isabel,265653.1059632031,685.3721110488021,1958-12-02,32.83335757307873,MANTENIMIENTO
615,Lucia,533061.5325812144,177.79517123856635,1980-08-19,5.832099963453947,COMUN
616,Jorge,884366.0389443701,612.5320796347946,1980-08-29,1.2405312270844182,MANTENIMIENTO
617,Marta,660433.6543759117,943.1685057694375,1957-06-11,1.2969177397471487,COMUN
618,Julia,186303.41075194924,201.65522880412544,1972-01-15,7.996827808166477,COMUN
619,Daniel,524693.1206793675,175.03735568300394,1967-09-16,29.601549861831856,MANTENIMIENTO
620,Sonia,935542.0959772984,566.1871925463076,1980-10-16,56.876270614317356,MANTENIMIENTO
621,Sonia,940359.6612202572,340.7490071534515,2011-06-14,92.64980499652076,MANTENIMIENTO
622,Victor,64877.101723215645,480.0249891237498,1972-06-26,2.4469265729334735,COMUN
623,Victor,876257.7502548776,671.1808716398333,2016-10-26,4.216829682602024,COMUN
624,Javier,503998.01089059724,440.09153865175267,2017-04-28,6.251083327216335,COMUN
625,Luis,587295.3276215066,408.42014136285707,1955-02-04,8.36138161922916,COMUN
626,Rosa,575506.0500441833,197.0435623719815,2018-05-04,90.85279299396983,MANTENIMIENTO
627,Isabel,564849.0603183766,636.4902253732732,2011-03-03,33.89789855475546,MANTENIMIENTO
628,Ana,689516.7832110127,437.3090820668076,2018-10-22,89.07155569134679,MANTENIMIENTO
629,Ana,459158.54815145256,46.778163799187425,2011-06-19,2.417977115072066,COMUN
630,Marta,948431.2654715615,722.5037845807785,2003-02-21,7.335017846579314,COMUN
631,Pedro,219140.17827802157,709.5437051116651,1952-01-19,7.840329033176269,COMUN
632,Ana,780888.2927172927,58.87599946895572,1992-02-22,49.267654333230816,MANTENIMIENTO
633,Ana,821134.162700089,986.3670466710299,1963-03-28,6.9491279093375224,COMUN
634,Marta,804935.5133285904,579.782055199281,1969-04-11,2.1754597362480865,COMUN
635,Carlos,264294.875807538,125.61911256716918,1973-11-26,22.3958785117373,MANTENIMIENTO
636,Luis,787074.7609030885,778.2954833535101,1957-10-15,40.44711126761386,MANTENIMIENTO
637,Javier,824623.9465289278,834.0146466658377,1953-08-10,8.486370362930272,COMUN
638,Sonia,874049.3040562704,524.9045732707099,1950-04-01,90.01832387879874,MANTENIMIENTO
639,Victor,10029.961853358507,212.0349884704814,1951-12-05,2.28096921360603,COMUN
640,Ana,103046.16747920867,746.8551234133001,2007-03-02,0.7897308418043814,MANTENIMIENTO
641,Pedro,240275.9295724188,879.4838768822592,1986-10-30,17.603746690832388,MANTENIMIENTO
642,Julia,677385.9848851557,131.04574626312183,1963-02-22,55.022080504641,MANTENIMIENTO
643,Ana,836247.0056062512,899.666349817601,2012-11-14,4.735938881049837,COMUN
644,Manuel,559766.3461511598,541.4859778026309,1962-05-10,9.875828069907717,COMUN
645,Sonia,709635.7591985819,236.65740339376595,1980-06-29,2.3473820386745556,COMUN
646,Marta,551711.219763928,15.177505197664809,1979-12-04,37.93839962020111,MANTENIMIENTO
647,Isabel,904901.6044709771,949.8532300940741,2011-10-14,2.720395058382088,COMUN
648,Jorge,319059.74198282516,216.88185372497315,1958-03-10,0.07295250388989816,COMUN
649,Pedro,82213.0634282892,143.4750312895755,1989-07-25,48.97305834423044,MANTENIMIENTO
650,Lucia,605102.3261643021,93.58820383862908,1960-07-10,8.561084642511975,COMUN
651,Luis,65027.835679426506,845.9213456475509,1975-04-30,75.3879893852984,MANTENIMIENTO
652,Julia,356339.7106495302,173.5975142242221,2023-02-12,8.672709696463924,COMUN
653,Julia,613006.1618479798,494.84202489216733,1966-10-17,95.60686318705119,MANTENIMIENTO
654,Ana,468803.1051577226,502.9899175453262,1956-08-14,94.37097945307464,MANTENIMIENTO
655,Marta,861086.113830187,548.5329783084039,1967-03-21,0.9732495524841367,COMUN
656,Jorge,506428.64771532384,603.8446807962708,1975-11-28,0.9178040907953511,COMUN
657,Lucia,75777.50758760083,932.7275940526152,1991-03-31,1.7316842466405291,COMUN
658,Jorge,945129.3428033133,73.93281209950953,1979-05-05,8.371494466731566,COMUN
659,Victor,821052.1899991044,564.0875389902765,1958-06-02,43.84694657856897,MANTENIMIENTO
660,Jorge,303950.37381936633,526.7046157559629,1970-09-24,14.614904175272036,MANTENIMIENTO
661,Javier,78623.33431058002,67.67184337709564,2014-06-06,2.7243039377653346,COMUN
662,Javier,915030.8056635117,493.24555457056175,1995-11-28,52.26155033134559,MANTENIMIENTO
663,Victor,435915.61152408324,25.38986511740471,2010-02-24,3.493460196792829,COMUN
664,Manuel,103025.45846664796,674.4758336012011,1966-05-06,73.24527789598065,MANTENIMIENTO
665,Isabel,132630.18213791147,655.9203939340559,1993-05-14,1.4990293443060354,COMUN
666,Javier,95164.90071589619,542.2201161571953,1988-09-20,7.3413714924959415,COMUN
667,Sonia,507505.08740938455,733.8055899507148,1997-10-29,2.062914711256947,MANTENIMIENTO
668,Victor,197249.70731361612,741.8758966726352,1992-02-12,86.3106209691847,MANTENIMIENTO
669,Pedro,246661.39655550907,806.4050562517883,1985-04-02,0.05706307882099915,COMUN
670,Marta,519587.547052027,47.26018493705397,2012-11-24,13.145173297803703,MANTENIMIENTO
671,Sonia,765809.384217045,362.1219272321798,1958-04-21,53.5708804405028,MANTENIMIENTO
672,Julia,930186.2946049201,759.8159710105729,2020-08-28,6.61562933656753,COMUN
673,Sonia,120566.62406892076,541.7894288797654,2016-03-22,76.19356911112077,MANTENIMIENTO
674,Rosa,838416.9287983548,429.71151611121763,1983-09-19,77.33426851061775,MANTENIMIENTO
675,Lucia,949211.0256473412,267.3328292398275,1967-11-12,8.728524398612322,COMUN
676,Marta,20852.339041082865,605.4667922337323,1965-08-27,8.934619716001713,MANTENIMIENTO
677,Daniel,206356.95958439278,287.7983154135451,1951-09-28,12.07618109237113,MANTENIMIENTO
678,Carlos,788075.2965586479,991.5933259162899,2006-08-12,21.066780866485292,MANTENIMIENTO
679,Lucia,738301.3539410746,612.5671820478503,1998-05-26,52.21739926909649,MANTENIMIENTO
680,Victor,587929.9207361423,910.3350079141255,2023-07-31,4.862901345630211,MANTENIMIENTO
681,Jorge,189139.2383018754,115.04946917815163,1969-11-01,2.7444816991481913,COMUN
682,Sonia,447964.4198695287,323.9491685497806,1963-12-26,77.32958507441383,MANTENIMIENTO
683,Jorge,229194.57640093015,747.3789141278221,1960-10-11,85.41290205800995,MANTENIMIENTO
684,Pedro,598682.3747160182,878.0684643163019,1955-06-10,5.595822823547399,COMUN
685,Javier,681851.9258811292,807.6065063156764,2000-06-29,52.900347314198314,MANTENIMIENTO
686,Jorge,136680.28253990327,474.5362905227516,1966-01-13,87.51708332227955,MANTENIMIENTO
687,Javier,859508.8408436567,45.61745111747295,1999-02-09,62.62541866417053,MANTENIMIENTO
688,Manuel,730806.1341018657,773.7092177107284,1995-11-01,9.617098299174238,COMUN
689,Ana,170095.83935069083,82.47195095742077,1961-11-01,35.31881661016498,MANTENIMIENTO
690,Manuel,40122.18399768514,761.5721178522778,1998-03-19,41.17223723895178,MANTENIMIENTO
691,Lucia,956432.4479778418,650.0978026749611,2008-02-21,26.487033857992216,MANTENIMIENTO
692,Pedro,868698.638314975,96.11309889985631,1965-10-29,3.3838875637406476,COMUN
693,Marta,516602.7703453462,534.2386795316204,2003-05-12,61.45935214930126,MANTENIMIENTO
694,Manuel,946102.128737067,370.2565203304019,1992-02-21,57.38410554444192,MANTENIMIENTO
695,Marta,313542.86424884707,823.2884236724492,1953-09-19,80.84675821594188,MANTENIMIENTO
696,Lucia,723872.8550519055,695.2545441114246,1951-01-15,61.38344526765559,MANTENIMIENTO
697,Sonia,539134.5804052816,129.11909296552037,1984-02-07,1.4512535540988636,MANTENIMIENTO
698,Daniel,681309.5704227627,118.78879885478,2007-12-20,6.52637424053867,COMUN
699,Javier,486296.9484928201,853.2360089870534,2021-04-30,64.9491365746141,MANTENIMIENTO
700,Marta,295498.7449305368,346.135349534196,1951-12-06,2.1708368342607365,MANTENIMIENTO
701,Victor,489856.2646429049,322.57032108574424,1995-09-13,98.33207062830394,MANTENIMIENTO
702,Sonia,102737.22137367062,30.598032607113023,1991-09-20,6.59203521188404,COMUN
703,Pedro,703359.8255619468,713.9459527388422,1974-05-03,4.612479556604216,COMUN
704,Carlos,175302.24013843143,541.0162936186757,1956-02-14,89.45877792534878,MANTENIMIENTO
705,Isabel,447475.4263961495,124.73433349031227,2012-09-29,5.480861706588982,COMUN
706,Lucia,756923.269497401,599.505575602371,1989-02-05,83.35954545593086,MANTENIMIENTO
707,Carlos,573190.8567930589,929.4369085276309,1978-09-06,9.466486394831255,COMUN
708,Jorge,899302.1328382561,511.69008325233256,1952-01-15,97.3516107441614,MANTENIMIENTO
709,Javier,939691.5480786507,687.9119242979219,1989-02-01,9.341273696653706,COMUN
710,Luis,555615.6761377625,884.5383319443248,1952-04-09,36.725601483992556,MANTENIMIENTO
711,Marta,997554.4464249476,340.68865090483047,1985-07-07,2.95510701779774,COMUN
712,Javier,850115.5120074507,743.5148585045142,2017-02-09,68.68525274429597,MANTENIMIENTO
713,Daniel,318747.83556293696,240.2888862543019,2006-03-24,9.122372490286917,COMUN
714,Julia,80713.72571466357,821.111770673744,1972-02-16,9.130960180541546,COMUN
715,Pedro,969873.6196197789,724.7015479722257,1951-05-16,4.87134561537386,COMUN
716,Isabel,424811.8981879501,492.9263022686453,1961-08-30,0.9763947830525543,COMUN
717,Marta,704128.5522259228,440.1336470750583,1950-05-01,15.32928426594421,MANTENIMIENTO
718,Jorge,366592.4633730692,385.3013169953573,1966-05-01,7.074530303386155,COMUN
719,Lucia,158594.4016399481,464.8867186840692,2012-09-08,8.248753467469786,COMUN
720,Manuel,459546.9312252651,70.14792477302534,2014-10-09,46.87074044228148,MANTENIMIENTO
721,Carlos,511695.01483636483,474.684646251921,1955-06-27,10.196867264780229,MANTENIMIENTO
722,Isabel,270165.6158682861,497.9207454938074,1993-10-01,37.814625621959195,MANTENIMIENTO
723,Jorge,466979.0906332322,722.0055200204946,1964-12-02,33.94279452491785,MANTENIMIENTO
724,Marta,134455.69330573885,898.8174575291076,1971-08-24,6.4473457687915605,COMUN
725,Isabel,883802.980873381,477.94644953032514,1964-04-05,1.3127305893330288,COMUN
726,Carlos,779292.1778434858,805.1266368077911,1960-11-03,76.28463752711367,MANTENIMIENTO
727,Ana,963996.0880595468,804.8769980243809,1958-07-18,9.4754415745317,COMUN
728,Marta,836536.5296803088,614.2487851275444,1974-03-03,70.04816090409015,MANTENIMIENTO
729,Luis,549194.5328847577,91.61336357297733,1965-04-16,9.896258096597563,COMUN
730,Luis,871382.3106796354,722.2673222069392,1976-07-09,31.19791902518295,MANTENIMIENTO
731,Carlos,872224.580653516,690.0722235411528,2023-12-11,5.02900759078439,COMUN
732,Rosa,728505.4125702684,712.0477890351334,1954-09-05,55.44188235579259,MANTENIMIENTO
733,Lucia,913707.5392863529,243.33918293888968,1988-02-21,80.21962884919795,MANTENIMIENTO
734,Luis,774308.0116036669,377.695235979597,2015-01-02,90.03815810139292,MANTENIMIENTO
735,Pedro,520941.8795991454,889.8142286100334,1952-09-09,12.583709207895366,MANTENIMIENTO
736,Pedro,977851.7472778647,508.80091340476395,2018-02-05,49.69654959173678,MANTENIMIENTO
737,Carlos,417095.2981341797,466.5719436512411,1962-11-23,13.822044166370006,MANTENIMIENTO
738,Lucia,733974.0441677439,343.2614949568298,2011-03-30,12.192864963414962,MANTENIMIENTO
739,Victor,432811.33057042846,117.30220357591759,2012-04-14,44.868119306491685,MANTENIMIENTO
740,Sonia,899575.7781508176,426.5552219322666,1972-12-30,8.325596755988624,COMUN
741,Jorge,457499.71888980677,336.17226332948593,1985-12-13,90.60154159548105,MANTENIMIENTO
742,Pedro,644154.4010217511,288.21112589191677,1976-09-26,3.913509459405735,COMUN
743,Pedro,971838.9058699376,448.6787528267647,1991-07-27,66.3382906018382,MANTENIMIENTO
744,Ana,479338.0837236168,862.8088377286529,2011-06-05,8.477742371409114,MANTENIMIENTO
745,Sonia,422370.92441939405,844.0341794119704,2012-04-04,8.741102837019133,MANTENIMIENTO
746,Jorge,148450.14079814675,943.1982890118779,2003-10-23,4.27460174597196,COMUN
747,Sonia,201516.3849953078,930.8589958855514,2008-02-05,50.81729811672814,MANTENIMIENTO
748,Rosa,11001.93674759904,157.73019996552307,1961-06-03,4.637198180007207,COMUN
749,Jorge,613875.8759395262,788.9272666101549,1988-03-14,57.33161152212435,MANTENIMIENTO
750,Javier,60473.65348017656,11.139434172559248,2021-02-14,9.420025634932562,COMUN
751,Ana,892319.0634054532,834.4402149041367,1978-11-24,5.799666738693869,COMUN
752,Sonia,837798.5194598265,420.3252453289624,1969-06-23,54.488713774853245,MANTENIMIENTO
753,Lucia,124089.65521921846,504.77850553644555,1965-09-24,61.21391927457055,MANTENIMIENTO
754,Sonia,226615.12926323403,911.6239838029807,1983-11-08,60.83582573459421,MANTENIMIENTO
755,Manuel,833975.9480226453,0.9108874421394075,2014-04-27,6.092308677224942,COMUN
756,Rosa,406595.8964998925,225.2709852926098,1985-02-23,3.587583187574923,COMUN
757,Luis,940511.7016723334,501.61307852750605,1997-03-12,63.278158362676166,MANTENIMIENTO
758,Manuel,152996.53129108672,495.60062063150343,1994-12-16,63.43057598014371,MANTENIMIENTO
759,Ana,875180.5653801443,983.3776789183153,1966-01-04,5.840332581040904,COMUN
760,Lucia,142001.9516307427,442.1343264748988,1959-12-19,34.02950089491789,MANTENIMIENTO
761,Marta,830700.4967981784,843.37227403241,1981-10-25,4.53922389392956,COMUN
762,Rosa,46468.67556322104,117.05842420223279,1994-07-02,5.1306994440508635,COMUN
763,Manuel,346660.0653321859,930.029285771596,2014-02-23,8.599924191911217,COMUN
764,Victor,848281.8409498348,708.6950595765683,2005-10-05,8.375883817865418,COMUN
765,Victor,798069.2547250222,336.8280257647917,1967-01-01,14.131330659772434,MANTENIMIENTO
766,Sonia,85756.6813432896,698.4211353398897,1986-10-03,7.7687269497855285,COMUN
767,Julia,812770.8284233717,409.5559346872747,2004-10-28,6.428474620264739,COMUN
768,Daniel,633320.458805279,310.09135007338415,2012-05-09,12.886792636470046,MANTENIMIENTO
769,Jorge,157135.90988785296,855.8120072180357,1958-06-27,0.24802897728058326,COMUN
770,Isabel,47109.53691849241,676.3737851209859,1988-09-05,8.272045542137107,COMUN
771,Daniel,291038.6245178303,627.7430340447294,1982-12-26,4.803660992322021,COMUN
772,Luis,582110.3427488845,475.5069616339731,1997-04-07,1.4709095992362353,COMUN
773,Pedro,504770.1913023432,374.97854697234146,2008-04-29,63.68081731800819,MANTENIMIENTO
774,Luis,644058.9771113124,964.8400941694063,1976-09-14,1.660363143612752,COMUN
775,Isabel,369310.77856713237,734.4580735148146,1979-12-09,65.03099654971534,MANTENIMIENTO
776,Rosa,652495.5212285888,354.11858269061213,1971-01-27,3.6133107581701704,COMUN
777,Victor,156230.79960697875,537.3200975059896,1970-02-05,5.839530878004737,COMUN
778,Victor,170143.3350123662,321.8294541511405,2007-10-27,60.218957702442985,MANTENIMIENTO
779,Lucia,893439.0541221411,170.24917110576055,2001-01-23,58.11755251512803,MANTENIMIENTO
780,Julia,537151.6332040747,182.02219656023323,1953-02-13,5.141850549992244,COMUN
781,Carlos,811035.602197971,829.6537257275207,1974-04-15,61.359189028790325,MANTENIMIENTO
782,Manuel,319701.7660155554,756.8724113763255,2003-07-24,2.570843442175188,COMUN
783,Luis,137660.53905227417,251.77431143164853,2002-11-15,6.924299151431898,COMUN
784,Marta,461033.12927163835,401.8572753254174,1985-08-14,16.44162379976293,MANTENIMIENTO
785,Carlos,512957.974707995,690.2976783161201,2014-06-03,3.8693683209586407,COMUN
786,Manuel,270094.2902370697,865.7631440083796,1999-12-25,44.408313708664274,MANTENIMIENTO
787,Lucia,621095.0728853673,445.2798458656564,1981-05-21,2.909599876779975,COMUN
788,Isabel,148767.56277187017,746.8474025965127,1987-06-05,23.405380347597916,MANTENIMIENTO
789,Isabel,187692.04771353543,123.15651243866066,2016-08-09,7.205084498025568,COMUN
790,Lucia,403953.10369505006,229.32799434941776,2023-09-25,7.456498013097757,COMUN
791,Manuel,999026.6266456178,27.34705248298075,1991-09-23,41.045350595126294,MANTENIMIENTO
792,Julia,443727.8475288887,550.9761128152305,2018-08-12,0.9166106818310427,MANTENIMIENTO
793,Victor,302979.9942905,642.4337629743104,2012-04-08,30.76273091910149,MANTENIMIENTO
794,Marta,262320.8053406783,262.93839123953654,1972-08-01,8.62542279506403,COMUN
795,Pedro,691887.1375510596,82.12552762130754,2019-09-17,73.04312713261368,MANTENIMIENTO
796,Javier,309762.64753686247,797.0169322004631,1998-11-19,2.935272342662516,COMUN
797,Sonia,438244.2441341216,622.1908081785123,1971-06-21,18.16661477114423,MANTENIMIENTO
798,Victor,582780.7296887413,153.48736560019293,2007-07-19,5.925754692719898,MANTENIMIENTO
799,Isabel,164110.3807741504,34.27216971083335,2008-11-16,96.16488448168501,MANTENIMIENTO
800,Pedro,188815.63309293104,664.1358204008137,2019-06-30,66.43952017108676,MANTENIMIENTO
801,Sonia,822017.483870951,374.97058454227385,1968-09-30,43.27808937870249,MANTENIMIENTO
802,Manuel,540935.054587035,770.5480910168085,1965-04-08,27.99478938961991,MANTENIMIENTO
803,Lucia,32274.089972321806,166.81444524532452,2018-11-30,3.345866486762583,COMUN
804,Ana,956913.8660638988,586.7855120446396,1999-10-07,2.9620976023561507,MANTENIMIENTO
805,Victor,113713.87343211206,533.7050735488989,2013-11-30,9.398395368880871,COMUN
806,Ana,534836.1194661448,688.4333767193436,2018-09-19,25.90271908602404,MANTENIMIENTO
807,Julia,411198.035414689,823.1566602933119,1996-04-03,7.774720780812006,MANTENIMIENTO
808,Isabel,947255.7730174735,86.60986039455231,1987-05-13,93.53065766638464,MANTENIMIENTO
809,Carlos,979533.6899672677,561.1252632381606,1989-04-06,1.2926742369340305,COMUN
810,Julia,134226.3628759007,705.874582108878,2012-08-06,2.0068564151528845,COMUN
811,Javier,167916.35368853653,242.44824779587316,2021-06-05,2.2478249746594736,MANTENIMIENTO
812,Carlos,781379.4825708003,889.0772576140843,1955-08-13,3.23231383294436,COMUN
813,Lucia,258545.08951410276,460.8920825969552,2003-09-28,0.22527857405987395,COMUN
814,Victor,33692.35231272747,500.03928997087013,2006-10-25,8.515322633614554,COMUN
815,Javier,10691.889556053791,227.53238426817035,2004-02-07,7.2104041547305995,COMUN
816,Pedro,973641.5317306382,86.56176284468442,1953-11-22,68.72651530106279,MANTENIMIENTO
817,Victor,756235.578545486,14.66767478810782,1998-03-13,8.39566723997207,MANTENIMIENTO
818,Rosa,128088.53066713216,301.6056636307525,1951-08-18,4.058322117671532,MANTENIMIENTO
819,Sonia,561490.4640621883,94.69404300874018,2010-08-31,71.46385009784085,MANTENIMIENTO
820,Rosa,566486.7993778557,359.5908561385618,1977-06-26,8.279867760568816,COMUN
821,Carlos,963076.1920867236,119.34488883818062,1950-04-05,63.06695793077488,MANTENIMIENTO
822,Javier,58835.87685503799,727.6130561605336,1957-10-20,0.10815498630282194,COMUN
823,Ana,851583.2395961974,604.4261476109932,2009-05-25,8.381344975531881,COMUN
824,Isabel,240239.8726798039,517.9782929833472,1960-04-07,65.4727102274209,MANTENIMIENTO
825,Javier,234891.4252414507,48.65458676395495,1969-10-09,81.62610644877216,MANTENIMIENTO
826,Victor,835951.1424609771,158.80704276122015,1993-06-18,1.1650387706346355,COMUN
827,Manuel,891194.9837647714,822.4324485931816,1976-04-02,69.81619542107713,MANTENIMIENTO
828,Luis,662398.6227088149,873.5610594204771,1987-01-22,7.3425511302044075,COMUN
829,Luis,238077.84815822716,713.369040639206,1951-09-18,45.00133633033264,MANTENIMIENTO
830,Sonia,401912.1966443815,298.19785583386573,2007-03-08,7.105605799990845,COMUN
831,Sonia,243366.3509009161,110.08606261277131,1953-04-21,71.13595651474674,MANTENIMIENTO
832,Manuel,33659.96428355294,206.25910365894828,1984-03-13,5.353256143447943,COMUN
833,Victor,688964.4875979674,244.3200852588697,2020-02-17,1.6333467113679245,COMUN
834,Marta,223714.65751235027,797.5510569657326,1996-10-01,29.609612610200287,MANTENIMIENTO
835,Sonia,765447.9158994821,693.5621853227736,1977-09-27,3.3944337898489882,COMUN
836,Marta,77158.88137548367,335.17643440441213,2010-05-14,5.683077485105461,COMUN
837,Pedro,698857.6601964321,472.45123222479356,2021-02-08,6.851449998131129,COMUN
838,Manuel,285725.5726491368,88.52889635314997,2004-02-25,2.664199370385234,COMUN
839,Pedro,925894.17620264,510.8640588969995,1958-12-27,40.78360467886098,MANTENIMIENTO
840,Ana,933650.6264219482,556.4626417848682,1993-04-15,86.91127008129126,MANTENIMIENTO
841,Victor,243563.5116099871,130.122075834045,2015-10-14,2.3792844846989047,COMUN
842,Carlos,87189.48378830301,805.2015142625197,2004-11-19,80.769984645426,MANTENIMIENTO
843,Carlos,388275.3832041006,285.96062332540373,1992-12-12,6.445719319135257,COMUN
844,Jorge,711616.9884671284,459.6532746307346,1981-11-19,52.66395039051708,MANTENIMIENTO
845,Victor,576431.1624151253,847.8839060213263,1966-04-07,31.617088514941738,MANTENIMIENTO
846,Jorge,480492.4072976326,434.64638289699144,1958-11-05,7.8849892985838625,COMUN
847,Ana,755675.187756018,29.25476114313563,2010-02-01,82.6197012760293,MANTENIMIENTO
848,Jorge,662526.739645515,884.208137441135,1954-03-04,20.29575773504404,MANTENIMIENTO
849,Rosa,602209.2609041225,270.94529832072277,2022-05-11,3.5890159208006045,COMUN
850,Victor,488538.96834442945,82.35488249993506,1995-09-17,71.04084812588542,MANTENIMIENTO
851,Javier,658891.939001108,413.60087016826117,1989-02-06,1.6738181289725074,COMUN
852,Sonia,208731.10272295086,27.96588864011418,1996-06-25,84.54449865685498,MANTENIMIENTO
853,Rosa,533259.2084799052,869.5463502291751,1964-01-26,0.7805758035091914,COMUN
854,Pedro,425848.6902672606,489.16487944931055,1978-02-11,4.399614493239046,MANTENIMIENTO
855,Ana,598111.8967140355,725.0905025484205,2011-04-13,8.409669229314126,COMUN
856,Rosa,320724.4014458763,969.2340854110095,1995-06-25,4.010090243321307,MANTENIMIENTO
857,Carlos,336917.68649619946,267.46040099212865,1991-11-27,45.43894622229531,MANTENIMIENTO
858,Daniel,944226.2071658039,686.437730787486,1989-01-14,5.242874991826289,COMUN
859,Jorge,212971.99523128264,337.82482704313054,1992-12-24,7.651589537024402,COMUN
860,Daniel,943750.4458486607,114.23306416327162,1988-10-27,70.52511935348743,MANTENIMIENTO
861,Victor,804051.7874914943,162.84189674316772,1970-04-26,66.26276389346111,MANTENIMIENTO
862,Marta,860111.4387485327,926.1988437109242,1968-08-15,23.000018242657205,MANTENIMIENTO
863,Carlos,896180.4564139016,911.8926602925745,1960-07-29,4.459650753472932,MANTENIMIENTO
864,Javier,497985.26868800627,331.6127348647362,2002-04-17,7.486566961735164,MANTENIMIENTO
865,Pedro,248099.40206678442,165.63929017215395,1993-01-30,4.376273867713544,COMUN
866,Luis,859964.8904424296,772.9603262229982,2002-09-08,5.207492235411911,COMUN
867,Pedro,910112.8822047296,763.7727569443638,1956-08-17,70.20041486826183,MANTENIMIENTO
868,Luis,634776.4001429138,785.7607453488631,1978-06-16,1.7070624347976626,COMUN
869,Rosa,151138.20146696403,125.79149509264442,2020-11-04,6.432117557192978,COMUN
870,Daniel,447293.7373703649,493.94440298893926,1997-01-29,15.644233153423158,MANTENIMIENTO
871,Manuel,443052.02752338507,108.37926085130623,2015-01-07,5.871538926486181,COMUN
872,Lucia,766669.4979882153,730.6209671700768,2023-02-05,21.252400086066025,MANTENIMIENTO
873,Pedro,289775.6809183827,776.4268521383339,1994-07-27,5.543096032991102,MANTENIMIENTO
874,Marta,731173.9078237825,134.4266019827546,1967-03-16,1.7308378411929182,COMUN
875,Luis,255989.23411124916,121.96888055179645,2018-01-03,59.98522327625746,MANTENIMIENTO
876,Jorge,85202.46850176531,775.7410347882084,1956-01-30,6.655245871568246,COMUN
877,Carlos,131903.7754214555,766.2834016307794,1975-06-22,6.219570355549702,COMUN
878,Manuel,916374.0110188865,914.9173040087336,1958-05-22,33.92059012272372,MANTENIMIENTO
879,Marta,842155.2418490696,25.128758301086517,1980-07-21,6.136720374371468,COMUN
880,Lucia,45697.76822874895,386.26746497207307,1984-08-23,8.74320399682642,COMUN
881,Ana,557610.639062509,405.5687716476389,1976-01-21,7.093325042339282,COMUN
882,Sonia,592436.0487125119,836.9002807077683,1999-10-07,26.714646736253876,MANTENIMIENTO
883,Marta,275698.75285389466,635.0634096005398,1967-09-14,73.71477164671231,MANTENIMIENTO
884,Javier,558533.312815817,628.6074681828,1954-10-30,48.25881822091765,MANTENIMIENTO
885,Jorge,185792.7202868538,699.4792000400025,1967-06-22,9.979171723418634,MANTENIMIENTO
886,Manuel,193319.01676518333,633.8473421223282,1961-11-01,5.033914539150473,COMUN
887,Rosa,153180.2491911236,86.40008247273411,2015-03-01,7.991524756979002,COMUN
888,Julia,355622.2434169988,423.4759415740429,1966-05-17,8.765117359049002,MANTENIMIENTO
889,Carlos,852260.0590934091,493.59561844843313,2008-02-29,74.93738140921084,MANTENIMIENTO
890,Victor,213460.32841188446,454.22735435186854,1960-05-03,1.7220105515850137,COMUN
891,Ana,314799.44665348,669.7306079557153,2013-03-04,1.951765278172205,COMUN
892,Victor,277082.52044121275,818.0464200935601,1999-05-30,82.92041166437765,MANTENIMIENTO
893,Luis,41377.707423706976,805.3761159006227,1981-05-24,56.904588319887814,MANTENIMIENTO
894,Jorge,49360.78543039206,913.2288303288963,1961-11-12,9.967385157061553,COMUN
895,Javier,237524.1014424812,987.1090240090396,1983-04-14,48.12250413425897,MANTENIMIENTO
896,Javier,441326.2304448519,38.924855302905236,1996-02-27,86.14001822332432,MANTENIMIENTO
897,Julia,298536.4749954837,665.9633284384703,1964-10-12,7.40555098015683,COMUN
898,Carlos,564048.558234588,399.9146299189553,1952-06-18,7.719197855065615,COMUN
899,Carlos,295538.2023621987,873.7233795810332,1984-12-19,35.2054077160286,MANTENIMIENTO
900,Pedro,550049.4491229353,337.6648419375233,2008-03-12,9.075184500004553,COMUN
901,Manuel,931995.6106477409,46.52543905813411,2023-04-06,3.287286691326475,COMUN
902,Victor,742027.5056132355,776.5273837788906,2004-04-14,6.132034428969943,COMUN
903,Manuel,287677.5705888145,784.9607551607504,1982-02-18,8.904642111097912,COMUN
904,Marta,782853.0304825901,890.5431543734137,1974-02-14,3.464307250195965,COMUN
905,Julia,537890.7485469388,693.3497739951227,1994-10-20,20.194021729264733,MANTENIMIENTO
906,Carlos,19565.541584490347,856.6647508713544,1965-09-19,55.553913786438656,MANTENIMIENTO
907,Victor,904770.8176470338,598.0838842123125,1977-10-05,2.2436950337368753,COMUN
908,Manuel,35474.78519509503,264.3142353743955,1986-12-12,5.300862796662939,COMUN
909,Daniel,137449.81094231602,945.9073443618498,1981-01-11,5.224615189531333,COMUN
910,Jorge,168428.23833933368,299.042937805403,1959-02-17,32.66935266446859,MANTENIMIENTO
911,Jorge,57053.452919826166,27.738642783110446,1972-04-01,9.783614461116297,COMUN
912,Julia,473863.4852431251,209.66247693439598,2016-05-07,2.812337395627144,COMUN
913,Julia,985709.9959746961,862.1076395446808,2022-11-10,3.184181624518726,COMUN
914,Julia,825413.3501316879,803.5673291308251,2011-04-23,3.691723148889543,COMUN
915,Marta,229073.44120927094,104.51050111091054,1962-07-18,15.64862132001046,MANTENIMIENTO
916,Rosa,624575.1653323603,794.0709579405385,1954-09-10,7.705980248847492,COMUN
917,Lucia,327278.77299360797,224.9618202022218,1972-06-02,8.990679247887059,COMUN
918,Manuel,19291.618891339942,746.4290963403035,1950-05-19,43.49573879776973,MANTENIMIENTO
919,Carlos,274755.9645785399,415.74936098353487,1974-12-12,3.4295386749053227,COMUN
920,Isabel,495222.41891716566,135.82544121854846,1958-08-11,22.273224389682678,MANTENIMIENTO
921,Manuel,652931.8723036969,254.87359492014016,1987-09-18,1.251208019699973,COMUN
922,Javier,318009.3896199615,640.946299430929,1987-11-01,32.72775488541981,MANTENIMIENTO
923,Lucia,328545.3091249401,57.88098443486933,1985-11-24,3.5749870626418834,COMUN
924,Carlos,456956.6305492515,250.8725256542519,2007-03-12,14.976201041591352,MANTENIMIENTO
925,Javier,241091.13976785121,101.77605502413078,1961-03-29,79.58191080471056,MANTENIMIENTO
926,Isabel,432258.41892906575,60.868579747160645,1973-05-08,6.136316407926671,COMUN
927,Rosa,748792.0404203114,499.42416185938686,2005-12-28,7.521090948226977,COMUN
928,Pedro,851214.2218794436,774.2502567637848,1987-11-26,0.6224210442198985,COMUN
929,Javier,39475.44424193522,441.3336398476121,2018-08-21,66.44967918623907,MANTENIMIENTO
930,Marta,395768.4715746409,912.8636971864358,2021-01-28,38.4283000155077,MANTENIMIENTO
931,Manuel,251803.1574571642,803.9319815911299,1990-06-24,78.58456187152915,MANTENIMIENTO
932,Julia,571206.9801358252,567.8105458917047,1995-03-07,8.56343297693843,COMUN
933,Julia,166467.2328578449,749.4277677260893,2000-10-26,84.43362301718909,MANTENIMIENTO
934,Marta,660928.0214336364,194.90515205055303,2012-05-14,3.8044371107868824,COMUN
935,Marta,670223.5901142894,912.0764607880517,2018-03-24,7.644665229397648,COMUN
936,Jorge,91887.06199398408,475.9515747497521,1987-11-26,32.65888241032111,MANTENIMIENTO
937,Marta,584988.241960849,79.14476112238056,1986-03-08,6.160418473238625,COMUN
938,Jorge,743588.6893056196,627.2794202955116,1981-05-05,0.6636767420336154,COMUN
939,Ana,991666.6179905467,932.0946686996585,2004-08-10,88.15789333422047,MANTENIMIENTO
940,Javier,672367.1365061457,741.0794982225516,1970-09-18,50.33586964257333,MANTENIMIENTO
941,Jorge,740926.8027996309,414.4851450470287,2010-09-17,89.91486935024436,MANTENIMIENTO
942,Daniel,234158.7855651431,792.9314687682289,1981-06-24,4.695710135347256,COMUN
943,Victor,599761.4043242651,637.815669214081,2013-04-25,9.4803468699139,COMUN
944,Manuel,719026.1630952213,840.5175699989335,2001-08-10,76.43809097174798,MANTENIMIENTO
945,Jorge,197409.95903098874,925.0127758147427,2021-02-13,89.86852497592511,MANTENIMIENTO
946,Pedro,316341.3595346325,673.8675336682327,1986-03-10,86.33987515959099,MANTENIMIENTO
947,Pedro,887035.4838929554,623.486689433997,2001-11-13,6.462896020290606,COMUN
948,Manuel,538781.231124509,756.5821008127158,1997-07-07,9.194282174032605,COMUN
949,Jorge,575463.4384483728,695.6626930366739,1983-12-02,6.889088079090094,COMUN
950,Jorge,127122.39901404419,720.3335680524294,1980-02-29,61.61563440191371,MANTENIMIENTO
951,Ana,653300.3905864921,814.6172674828272,1977-06-25,19.64448722109292,MANTENIMIENTO
952,Marta,960255.9048726596,941.5433514998856,1990-06-07,71.74392146516776,MANTENIMIENTO
953,Marta,334852.2567472375,755.9264871654989,2012-05-04,7.458324923463397,COMUN
954,Javier,569864.6044347121,839.4885874902053,2005-01-14,7.810250111804655,COMUN
955,Julia,961458.0331839647,284.06038978765747,1990-10-09,57.068930488092015,MANTENIMIENTO
956,Lucia,552825.7313404909,489.19071850195286,1960-10-17,4.752824822383493,COMUN
957,Luis,183145.10704061177,482.63362100769837,2013-03-12,6.902625177289735,COMUN
958,Manuel,437612.01586852863,940.2911930270918,1956-10-21,25.09794356772329,MANTENIMIENTO
959,Manuel,370896.23568987567,572.5490655665023,1980-11-10,64.28611397475753,MANTENIMIENTO
960,Victor,430770.97489611054,274.7204704846121,2001-01-11,77.73826074286552,MANTENIMIENTO
961,Manuel,168295.29115981737,700.5480712147081,1991-03-16,7.530643100002619,COMUN
962,Jorge,949961.1928450911,921.3183142997373,1996-02-11,5.529266514927843,COMUN
963,Marta,704890.9240031642,962.9072519088147,1970-11-13,9.098484279754311,COMUN
964,Julia,862017.5264521058,74.66508822767759,1969-06-07,4.454266488169139,COMUN
965,Marta,734281.368336094,54.99825878075604,1954-02-28,72.43766285886242,MANTENIMIENTO
966,Victor,59104.35221801003,238.2348021377021,2002-04-08,6.05284939517195,COMUN
967,Jorge,784683.4276895638,407.1538379471804,1959-01-04,6.715463438818584,COMUN
968,Javier,173196.1782211069,928.5828464350388,1966-01-12,22.737001811554038,MANTENIMIENTO
969,Daniel,298600.40402498684,480.7597016142859,2011-12-04,3.98491892573721,COMUN
970,Ana,133899.9029125112,437.6325633175341,1988-11-16,1.3221279597089297,MANTENIMIENTO
971,Pedro,792150.4307028792,55.71851955271367,1987-03-18,80.6090475807394,MANTENIMIENTO
972,Rosa,669000.7121895021,254.22632454215298,2019-05-15,90.4960397985153,MANTENIMIENTO
973,Rosa,123656.74903967971,841.4087977950356,2012-12-01,77.6122079624987,MANTENIMIENTO
974,Julia,867075.7609578747,293.9583808947027,1954-12-01,7.257664643559073,COMUN
975,Victor,173234.79378517086,587.9881016887392,1999-02-11,52.70846994180537,MANTENIMIENTO
976,Daniel,567075.4183739865,477.90882044594764,2009-08-25,76.89985273381498,MANTENIMIENTO
977,Carlos,546339.3576624906,63.36642007503113,2004-07-22,53.57683483482468,MANTENIMIENTO
978,Sonia,527921.1437291641,436.2484347760116,2005-07-03,12.90261343850807,MANTENIMIENTO
979,Rosa,256555.19235962845,793.4022461197918,1975-08-03,75.95425086443035,MANTENIMIENTO
980,Julia,147912.45351684684,191.78712326665215,2021-09-18,6.615543763491742,COMUN
981,Julia,849330.7171397463,338.85040823840063,2015-08-02,5.359135963838588,COMUN
982,Julia,899072.1004622908,601.3889863330352,2006-06-24,89.97070263119831,MANTENIMIENTO
983,Javier,7862.338183056266,102.31722396226073,1973-07-22,0.21260310657629122,COMUN
984,Pedro,632489.4252645147,99.77956691236656,2021-03-27,3.435787788111666,MANTENIMIENTO
985,Victor,306939.9870971453,221.9552897009779,2017-02-21,3.597564103659102,COMUN
986,Manuel,514246.2623098126,900.6216515011332,1968-06-19,1.931766560922099,COMUN
987,Julia,583260.1828113003,15.856444904550514,2007-01-14,9.463419102666697,COMUN
988,Isabel,494627.7544412017,263.83821543665886,2015-03-20,72.25825959990438,MANTENIMIENTO
989,Julia,221503.96525516247,692.0783969209884,1987-09-21,1.6420544872255882,COMUN
990,Ana,46032.52276422118,736.01200345827,2008-04-09,99.02756470756725,MANTENIMIENTO
991,Julia,595359.4915449079,633.9667025626958,2005-12-03,8.375921760437945,COMUN
992,Victor,200302.37131141045,412.29358786993595,1958-12-06,3.832411481034097,COMUN
993,Victor,969648.0831380883,508.91074925469127,1976-06-22,34.485249736020464,MANTENIMIENTO
994,Carlos,954090.7670176493,253.60030930780007,1978-05-28,6.7710115616205595,COMUN
995,Javier,268782.2823710196,730.8985129185296,2015-05-17,8.844995233460216,COMUN
996,Javier,601382.9784183512,321.99112369217096,1956-08-26,79.74114095554548,MANTENIMIENTO
997,Javier,370951.0852973997,433.2117560695569,1982-02-17,7.786436787958442,COMUN
998,Julia,745367.3238541994,469.95316421119327,2011-09-13,1.8198024251667666,COMUN
999,Pedro,901684.8094021925,77.32974607666388,1965-11-09,9.335252735963808,COMUN
1000,Sonia,464537.5922275873,535.9376699678587,1959-09-11,4.855116989279575,COMUN
6,Daniel,916839.0115498535,45.92127552063341,2010-10-15,83.03383502315353,MANTENIMIENTO
7,Sonia,670212.5566148445,444.6714210231212,1992-01-10,0.008920875937433737,COMUN
1,Victor,327.3877892920883,327.3877892920883,1971-04-10,74.44386096455918,MANTENIMIENTO
